,BlockNumber,DateTime,Deviation,DirectionNum,DirectionText,Lat,Lon,RouteID,TripEndTime,TripHeadsign,TripID,TripStartTime,VehicleID
0,B-330,2019-04-12T13:33:56,-8.0,0,EAST,38.886848,-77.00119,34,2019-04-12T11:48:00,NAYLOR RD STATION,940949060,2019-04-12T11:10:00,2877
1,LP-05,2019-04-12T13:33:54,0.0,0,EAST,38.819942,-76.989174,P12,2019-04-12T12:21:00,ADDISON RD STATION,918468060,2019-04-12T11:15:00,7396
2,MY-16,2019-04-12T13:33:36,0.0,1,SOUTH,38.994217,-77.028023,Y8,2019-04-12T13:00:00,SILVER SPRING STATION,925465060,2019-04-12T11:49:00,7253
3,MC-82,2019-04-12T13:33:47,9.0,0,EAST,38.978264,-76.927261,C8,2019-04-12T13:11:00,COLLEGE PARK STATION,895723060,2019-04-12T11:57:00,7078
4,BD-15,2019-04-12T13:33:32,-1.0,1,WEST,38.93581,-77.107536,D6,2019-04-12T13:21:00,SIBLEY HOSPITAL,927235060,2019-04-12T11:57:00,2870
5,B-801,2019-04-12T13:33:29,18.0,0,NORTH,39.047409,-76.937187,86,2019-04-12T13:16:00,CALVERTON,933337060,2019-04-12T12:00:00,2954
6,FE-16,2019-04-12T13:33:56,0.0,1,WEST,38.870377,-77.220291,28A,2019-04-12T13:20:00,TYSONS CORNER STA,921155060,2019-04-12T12:03:00,3153
7,W-300,2019-04-12T13:33:50,7.0,0,EAST,38.858776,-76.960175,30N,2019-04-12T13:35:00,NAYLOR RD STATION,898352060,2019-04-12T12:05:00,7129
8,B-920,2019-04-12T13:33:51,6.0,1,WEST,38.930511,-77.063263,96,2019-04-12T13:37:00,TENLEYTOWN STATION,913887060,2019-04-12T12:12:00,2871
9,B-913,2019-04-12T13:33:56,1.0,0,EAST,38.889679,-76.933968,96,2019-04-12T13:38:00,CAPITOL HEIGHTS STATION,913751060,2019-04-12T12:12:00,2872
10,W-306,2019-04-12T13:33:37,11.0,1,WEST,38.90675,-77.062988,30S,2019-04-12T13:56:00,FRIENDSHIP HEIGHTS,898309060,2019-04-12T12:15:00,7164
11,B-846,2019-04-12T13:33:52,-1.0,1,SOUTH,38.901329,-77.034599,80,2019-04-12T13:14:00,MCPHERSON SQUARE,938832060,2019-04-12T12:17:00,2924
12,FB-21,2019-04-12T13:33:43,0.0,0,NORTH,38.88129,-77.111656,25B,2019-04-12T13:22:00,BALLSTON,915449060,2019-04-12T12:20:00,3173
13,FE-17,2019-04-12T13:33:43,2.0,0,EAST,38.826923,-77.088776,28A,2019-04-12T13:39:00,KING STREET - OLD TOWN STATION,921179060,2019-04-12T12:20:00,3122
14,A-253,2019-04-12T13:33:45,9.0,1,WEST,38.849205,-77.377808,2B,2019-04-12T13:11:00,WEST OX ROAD & ALLIANCE DRIVE,901659060,2019-04-12T12:20:00,6597
15,LC-80,2019-04-12T13:33:29,9.0,0,NORTH,38.989883,-76.988335,F8,2019-04-12T13:24:00,TAKOMA-LANGLEY CROSSROADS TRANSIT CENTER,942325060,2019-04-12T12:20:00,8012
16,B-844,2019-04-12T13:33:48,9.0,0,NORTH,38.931747,-76.99968,80,2019-04-12T13:42:00,FORT TOTTEN,938743060,2019-04-12T12:21:00,2912
17,PW-45,2019-04-12T13:33:45,0.0,1,SOUTH,38.861973,-76.995644,W4,2019-04-12T13:20:00,ANACOSTIA STATION,941854060,2019-04-12T12:21:00,6112
18,FE-12,2019-04-12T13:33:32,5.0,1,WEST,38.898003,-77.195389,28A,2019-04-12T13:40:00,TYSONS CORNER STA,921124060,2019-04-12T12:23:00,2968
19,CA-04,2019-04-12T13:33:41,9.0,0,EAST,38.807827,-77.084335,29N,2019-04-12T13:30:00,KING STREET - OLD TOWN STATION,918174060,2019-04-12T12:23:00,6362
20,B-325,2019-04-12T13:33:11,63.0,1,WEST,38.730087,-77.07032,36,2019-04-12T13:33:00,POTOMAC PARK,940760060,2019-04-12T12:23:00,2878
21,BR-04,2019-04-12T13:33:48,0.0,0,NORTH,38.923542,-76.970245,R2,2019-04-12T13:10:00,CALVERTON,936022060,2019-04-12T12:23:00,5478
22,M-703,2019-04-12T13:33:50,23.0,1,SOUTH,38.90966,-77.021904,70,2019-04-12T13:24:00,ARCHIVES,898759060,2019-04-12T12:24:00,5450
23,S-915,2019-04-12T13:33:53,13.0,1,SOUTH,38.862053,-76.995781,90,2019-04-12T13:19:00,ANACOSTIA STATION,903175060,2019-04-12T12:24:00,6547
24,PW-40,2019-04-12T13:33:51,16.0,0,NORTH,38.901081,-76.92466,W4,2019-04-12T13:23:00,DEANWOOD STATION,941803060,2019-04-12T12:24:00,7314
25,A-126,2019-04-12T13:33:48,0.0,0,EAST,38.881248,-77.111671,1A,2019-04-12T13:25:00,BALLSTON,905936060,2019-04-12T12:25:00,7195
26,MC-41,2019-04-12T13:33:29,1.0,0,EAST,38.967896,-76.954239,C4,2019-04-12T13:35:00,PRINCE GEORGES PLAZA STATION,902183060,2019-04-12T12:25:00,7268
27,CR-01,2019-04-12T13:33:37,35.0,0,NORTH,38.754932,-77.083366,REX,2019-04-12T13:20:00,KING STREET - OLD TOWN STATION,903995060,2019-04-12T12:25:00,6306
28,MT-04,2019-04-12T13:33:48,16.0,1,SOUTH,38.961674,-77.084663,T2,2019-04-12T13:10:00,FRIENDSHIP HEIGHTS,895448060,2019-04-12T12:25:00,7360
29,MY-14,2019-04-12T13:33:47,0.0,0,NORTH,39.152256,-77.055855,Y8,2019-04-12T13:30:00,MONTGOMERY MEDICAL CENTER VIA LEISURE WORLD,925365060,2019-04-12T12:25:00,7257
30,S-911,2019-04-12T13:33:54,63.0,1,SOUTH,38.815945,-77.016739,92,2019-04-12T13:24:00,CONGRESS HEIGHTS STATION,903061060,2019-04-12T12:26:00,6396
31,MC-83,2019-04-12T13:33:35,1.0,0,EAST,38.992165,-76.951599,C8,2019-04-12T13:41:00,COLLEGE PARK STATION,895721060,2019-04-12T12:27:00,7382
32,BD-16,2019-04-12T13:33:48,-2.0,1,WEST,38.912697,-77.09111,D6,2019-04-12T13:51:00,SIBLEY HOSPITAL,927234060,2019-04-12T12:27:00,2850
33,B-843,2019-04-12T13:33:56,7.0,0,NORTH,38.952301,-77.002197,80,2019-04-12T13:26:00,FORT TOTTEN,938760060,2019-04-12T12:28:00,2830
34,MC-42,2019-04-12T13:32:13,5.0,0,EAST,38.99799,-76.912735,C2,2019-04-12T13:33:00,GREENBELT STATION,902216060,2019-04-12T12:30:00,6039
35,BD-13,2019-04-12T13:33:48,1.0,0,EAST,38.893749,-77.000565,D6,2019-04-12T13:49:00,STADIUM-ARMORY,927316060,2019-04-12T12:30:00,2858
36,BG-42,2019-04-12T13:33:55,8.0,0,EAST,38.943169,-76.97419,G8,2019-04-12T13:28:00,AVONDALE,894974060,2019-04-12T12:30:00,2891
37,LP-03,2019-04-12T13:33:29,2.0,0,EAST,38.866016,-76.892426,P12,2019-04-12T13:36:00,ADDISON RD STATION,918465060,2019-04-12T12:30:00,7023
38,MQ-11,2019-04-12T13:33:45,58.0,1,SOUTH,39.046589,-77.108414,Q6,2019-04-12T13:18:00,WHEATON STATION,900663060,2019-04-12T12:30:00,6379
39,CR-02,2019-04-12T13:33:46,8.0,1,SOUTH,38.714439,-77.153381,REX,2019-04-12T13:29:00,FORT BELVOIR,903991060,2019-04-12T12:30:00,6301
40,W-305,2019-04-12T13:33:54,19.0,0,EAST,38.900211,-77.035843,30S,2019-04-12T14:04:00,SOUTHERN AVE STATION,898325060,2019-04-12T12:32:00,7162
41,B-848,2019-04-12T13:33:47,-3.0,1,SOUTH,38.900875,-77.04541,80,2019-04-12T13:46:00,KENNEDY CENTER,938798060,2019-04-12T12:33:00,2903
42,S-920,2019-04-12T13:33:43,13.0,0,NORTH,38.90736,-77.000977,92,2019-04-12T13:39:00,REEVES CENTER - 14TH & U NW,902968060,2019-04-12T12:34:00,6566
43,MZ-10,2019-04-12T13:33:41,1.0,1,SOUTH,38.993988,-77.030762,Z6,2019-04-12T13:34:00,SILVER SPRING STATION,909316060,2019-04-12T12:34:00,6035
44,A-122,2019-04-12T13:33:32,9.0,1,WEST,38.862823,-77.227715,1A,2019-04-12T13:35:00,VIENNA STATION,905896060,2019-04-12T12:35:00,6590
45,B-329,2019-04-12T13:33:53,2.0,1,WEST,38.90134,-77.045082,32,2019-04-12T13:46:00,POTOMAC PARK,940821060,2019-04-12T12:35:00,2905
46,MC-80,2019-04-12T13:33:35,3.0,1,WEST,39.059578,-77.050591,C8,2019-04-12T13:48:00,WHITE FLINT STATION,895748060,2019-04-12T12:35:00,6024
47,MQ-14,2019-04-12T13:33:54,0.0,0,NORTH,39.083576,-77.1465,Q4,2019-04-12T13:18:00,ROCKVILLE STATION,900530060,2019-04-12T12:35:00,7365
48,NS-09,2019-04-12T13:33:33,0.0,0,NORTH,38.993401,-77.030281,S4,2019-04-12T13:25:00,SILVER SPRING STATION,896721060,2019-04-12T12:35:00,7208
49,M-708,2019-04-12T13:33:56,11.0,1,SOUTH,38.90966,-77.021904,70,2019-04-12T13:36:00,ARCHIVES,898760060,2019-04-12T12:36:00,5440
50,M-710,2019-04-12T13:33:45,1.0,0,NORTH,38.993584,-77.026604,70,2019-04-12T13:35:00,SILVER SPRING STATION,898702060,2019-04-12T12:36:00,5442
51,B-915,2019-04-12T13:33:27,11.0,0,EAST,38.907177,-77.015457,96,2019-04-12T14:08:00,CAPITOL HEIGHTS STATION,913760060,2019-04-12T12:36:00,2876
52,SP-07,2019-04-12T13:33:56,4.0,0,NORTH,38.909538,-77.008987,P6,2019-04-12T13:41:00,RHODE ISLAND AVE STATION,926817060,2019-04-12T12:36:00,6385
53,SP-08,2019-04-12T13:33:45,4.0,1,SOUTH,38.876438,-76.991737,P6,2019-04-12T13:38:00,ANACOSTIA STATION,926728060,2019-04-12T12:36:00,8094
54,FT-01,2019-04-12T13:33:33,5.0,0,EAST,38.841236,-77.08876,23T,2019-04-12T13:30:00,SHIRLINGTON,926039060,2019-04-12T12:37:00,2669
55,S-902,2019-04-12T13:33:50,16.0,0,NORTH,38.912563,-77.013275,90,2019-04-12T13:37:00,ELLINGTON BRIDGE,902969060,2019-04-12T12:37:00,6572
56,N-501,2019-04-12T13:33:47,9.0,1,SOUTH,38.900814,-77.031898,54,2019-04-12T13:32:00,METRO CENTER,923814060,2019-04-12T12:38:00,7346
57,NS-03,2019-04-12T13:33:46,8.0,1,SOUTH,38.900211,-77.036537,S2,2019-04-12T13:35:00,FEDERAL TRIANGLE,896801060,2019-04-12T12:38:00,7355
58,FE-18,2019-04-12T13:33:45,6.0,0,EAST,38.854858,-77.13752,28A,2019-04-12T13:59:00,KING STREET - OLD TOWN STATION,921206060,2019-04-12T12:40:00,3180
59,B-802,2019-04-12T13:33:37,9.0,1,SOUTH,38.964077,-76.95253,86,2019-04-12T13:52:00,RHODE ISLAND AVE STATION,933395060,2019-04-12T12:40:00,2952
60,BD-79,2019-04-12T13:33:55,-1.0,0,NORTH,38.929905,-77.011505,D8,2019-04-12T13:36:00,WASHINGTON HOSPITAL CENTER,920080060,2019-04-12T12:40:00,6157
61,LF-61,2019-04-12T13:33:28,2.0,1,WEST,38.983227,-77.01535,F4,2019-04-12T13:42:00,SILVER SPRING STATION,942541060,2019-04-12T12:40:00,6211
62,MY-18,2019-04-12T13:33:50,8.0,0,NORTH,39.089741,-77.07975,Y7,2019-04-12T13:36:00,ICC PARK & RIDE VIA LEISURE WORLD,925348060,2019-04-12T12:40:00,6018
63,N-514,2019-04-12T13:33:49,3.0,0,NORTH,38.949608,-77.033119,52,2019-04-12T13:32:00,14TH & COLORADO,923733060,2019-04-12T12:41:00,6538
64,A-100,2019-04-12T13:33:57,12.0,0,EAST,38.877144,-77.271523,2B,2019-04-12T13:36:00,DUNN LORING STATION,901685060,2019-04-12T12:42:00,7190
65,W-302,2019-04-12T13:33:55,-5.0,1,WEST,38.90099,-77.03363,30N,2019-04-12T14:25:00,FRIENDSHIP HEIGHTS,898308060,2019-04-12T12:42:00,7120
66,N-769,2019-04-12T13:33:56,3.0,0,NORTH,38.993507,-77.030167,79,2019-04-12T13:30:00,SILVER SPRING STATION,896345060,2019-04-12T12:42:00,6428
67,N-764,2019-04-12T13:33:31,-2.0,1,SOUTH,38.892113,-77.023903,79,2019-04-12T13:30:00,ARCHIVES,896229060,2019-04-12T12:42:00,6429
68,BH-23,2019-04-12T13:33:50,13.0,0,EAST,38.927563,-77.012154,H2,2019-04-12T13:29:00,BROOKLAND STATION,917205060,2019-04-12T12:42:00,6151
69,,2019-04-12T13:33:37,15.0,0,EAST,38.925808,-76.990486,H8,2019-04-12T13:23:00,RHODE ISLAND AVE STATION,940409060,2019-04-12T12:42:00,7224
70,NH-80,2019-04-12T13:33:37,8.0,1,WEST,38.932205,-77.03878,H8,2019-04-12T13:20:00,MT PLEASANT,940386060,2019-04-12T12:42:00,7230
71,WN-03,2019-04-12T13:33:40,12.0,1,WEST,38.961338,-77.085526,N2,2019-04-12T13:21:00,FRIENDSHIP HEIGHTS,933808060,2019-04-12T12:43:00,7139
72,N-512,2019-04-12T13:16:28,14.0,1,SOUTH,38.92104,-77.03186,52,2019-04-12T13:34:00,L'ENFANT PLAZA STATION,923818060,2019-04-12T12:44:00,7225
73,S-908,2019-04-12T13:33:56,32.0,1,SOUTH,38.913914,-77.016449,90,2019-04-12T13:39:00,ANACOSTIA STATION,903174060,2019-04-12T12:44:00,6549
74,BB-02,2019-04-12T13:33:42,4.0,1,SOUTH,38.870502,-76.976662,B2,2019-04-12T13:43:00,ANACOSTIA STATION,911027060,2019-04-12T12:44:00,2818
75,SW-25,2019-04-12T13:33:36,5.0,1,WEST,38.862118,-76.994583,W3,2019-04-12T13:43:00,WASHINGTON OVERLOOK,912256060,2019-04-12T12:44:00,3051
76,SW-22,2019-04-12T13:33:49,1.0,0,EAST,38.845966,-76.987679,W3,2019-04-12T13:42:00,UNITED MEDICAL CENTER,912213060,2019-04-12T12:44:00,3059
77,FJ-60,2019-04-12T13:33:51,-3.0,0,NORTH,38.868744,-77.09671,10B,2019-04-12T13:45:00,BALLSTON,911888060,2019-04-12T12:45:00,3136
78,FC-09,2019-04-12T13:33:41,12.0,1,WEST,38.851421,-77.142059,16C,2019-04-12T13:22:00,CULMORE - PIKE RIDE,907873060,2019-04-12T12:45:00,2674
79,FE-13,2019-04-12T13:33:39,8.0,1,WEST,38.860676,-77.146736,28A,2019-04-12T14:02:00,TYSONS CORNER STA,921154060,2019-04-12T12:45:00,3116
80,F-401,2019-04-12T13:33:44,4.0,1,WEST,38.870785,-77.152733,4B,2019-04-12T13:20:00,SEVEN CORNERS,941507060,2019-04-12T12:45:00,3198
81,B-752,2019-04-12T13:19:57,1.0,1,SOUTH,38.887722,-77.021912,74,2019-04-12T13:07:00,NATIONALS PARK,899601060,2019-04-12T12:45:00,3020
82,B-805,2019-04-12T13:33:48,3.0,1,SOUTH,38.936485,-76.960907,83,2019-04-12T13:43:00,RHODE ISLAND AVE STATION,933402060,2019-04-12T12:45:00,2920
83,BB-08,2019-04-12T13:33:51,-4.0,0,NORTH,38.931652,-76.958878,B2,2019-04-12T13:42:00,MT RAINIER,911004060,2019-04-12T12:45:00,2943
84,LC-26,2019-04-12T13:33:56,8.0,0,EAST,38.898811,-76.799637,C22,2019-04-12T13:34:00,POINTER RIDGE,911654060,2019-04-12T12:45:00,6003
85,LC-25,2019-04-12T13:33:48,4.0,1,WEST,38.890686,-76.854019,C22,2019-04-12T13:37:00,ADDISON RD STATION,911590060,2019-04-12T12:45:00,8027
86,LF-21,2019-04-12T13:33:52,2.0,1,SOUTH,38.918819,-76.929451,F1,2019-04-12T13:36:00,CHEVERLY STATION,915211060,2019-04-12T12:45:00,7390
87,LG-03,2019-04-12T13:33:44,0.0,0,EAST,38.952305,-76.877403,G14,2019-04-12T13:37:00,NEW CARROLLTON STATION,925038060,2019-04-12T12:45:00,6207
88,MJ-10,2019-04-12T13:33:52,6.0,1,WEST,39.025646,-77.14267,J2,2019-04-12T13:28:00,MONTGOMERY MALL,912612060,2019-04-12T12:45:00,7082
89,MJ-04,2019-04-12T13:33:41,21.0,0,EAST,38.983528,-77.094177,J2,2019-04-12T13:28:00,SILVER SPRING STATION VIA BETHESDA,912718060,2019-04-12T12:45:00,7269
90,LV-29,2019-04-12T13:33:30,0.0,0,NORTH,38.908218,-76.934456,V14,2019-04-12T13:26:00,DEANWOOD STATION,917973060,2019-04-12T12:45:00,7020
91,PV-28,2019-04-12T13:33:49,6.0,1,WEST,38.877808,-77.005798,V4,2019-04-12T13:28:00,NAVY YARD - BALLPARK STATION,904406060,2019-04-12T12:45:00,6116
92,MY-08,2019-04-12T13:33:30,5.0,0,NORTH,39.077961,-76.942047,Z8,2019-04-12T13:33:00,GREENCASTLE PARK & RIDE,909495060,2019-04-12T12:45:00,7376
93,S-913,2019-04-12T13:33:37,8.0,1,SOUTH,38.866905,-76.985878,92,2019-04-12T13:44:00,CONGRESS HEIGHTS STATION,903166060,2019-04-12T12:46:00,6561
94,LF-06,2019-04-12T13:33:37,-1.0,1,SOUTH,38.884815,-76.913803,F14,2019-04-12T13:56:00,NAYLOR RD STATION,896022060,2019-04-12T12:46:00,6013
95,LF-98,2019-04-12T13:33:32,10.0,1,WEST,38.964676,-76.953484,F6,2019-04-12T13:48:00,FORT TOTTEN,942932060,2019-04-12T12:46:00,7047
96,BX-21,2019-04-12T13:33:30,2.0,0,EAST,38.896507,-76.947731,X2,2019-04-12T13:33:00,MINNESOTA AVENUE STATION,906511060,2019-04-12T12:47:00,5477
97,MY-17,2019-04-12T13:33:51,3.0,1,SOUTH,39.025848,-77.046356,Y7,2019-04-12T13:45:00,SILVER SPRING STATION,925462060,2019-04-12T12:47:00,7371
98,FT-14,2019-04-12T13:33:55,1.0,1,WEST,38.933319,-77.194527,23T,2019-04-12T13:42:00,TYSONS CORNER,925954060,2019-04-12T12:48:00,3189
99,W-218,2019-04-12T13:33:55,6.0,0,NORTH,38.95451,-77.082535,31,2019-04-12T13:33:00,FRIENDSHIP HEIGHTS,943028060,2019-04-12T12:48:00,7156
100,W-223,2019-04-12T13:33:44,6.0,0,NORTH,38.931835,-77.072662,33,2019-04-12T13:45:00,FRIENDSHIP HEIGHTS,943027060,2019-04-12T12:48:00,7107
101,N-612,2019-04-12T13:33:56,8.0,0,NORTH,38.955158,-77.010185,64,2019-04-12T13:29:00,FORT TOTTEN,918932060,2019-04-12T12:48:00,7227
102,M-709,2019-04-12T13:33:45,-5.0,1,SOUTH,38.909645,-77.021904,70,2019-04-12T13:54:00,ARCHIVES,898757060,2019-04-12T12:48:00,7265
103,N-517,2019-04-12T13:33:49,7.0,0,NORTH,38.963463,-77.033417,54,2019-04-12T13:36:00,TAKOMA STATION,923734060,2019-04-12T12:49:00,7229
104,B-847,2019-04-12T13:33:56,3.0,1,SOUTH,38.899254,-77.013336,80,2019-04-12T13:46:00,MCPHERSON SQUARE,938831060,2019-04-12T12:49:00,2923
105,MC-30,2019-04-12T13:33:54,-2.0,0,EAST,38.990082,-76.988983,C4,2019-04-12T13:59:00,PRINCE GEORGES PLAZA STATION,902182060,2019-04-12T12:49:00,7238
106,PW-46,2019-04-12T13:33:55,8.0,0,NORTH,38.872902,-76.934982,W4,2019-04-12T13:48:00,DEANWOOD STATION,941802060,2019-04-12T12:49:00,6114
107,MY-20,2019-04-12T13:33:48,4.0,1,SOUTH,39.055977,-77.050056,Y8,2019-04-12T14:00:00,SILVER SPRING STATION,925461060,2019-04-12T12:49:00,6383
108,A-103,2019-04-12T13:33:53,2.0,1,WEST,38.852791,-77.33255,1C,2019-04-12T13:53:00,WEST OX ROAD & ALLIANCE DRIVE,906312060,2019-04-12T12:50:00,7188
109,AM-10,2019-04-12T13:33:47,5.0,1,WEST,38.880867,-77.111633,38B,2019-04-12T13:29:00,BALLSTON,899983060,2019-04-12T12:50:00,6585
110,F-506,2019-04-12T13:33:48,10.0,1,WEST,38.935131,-77.242523,5A,2019-04-12T13:46:00,DULLES AIRPORT,901868060,2019-04-12T12:50:00,2722
111,LB-12,2019-04-12T13:33:39,2.0,0,EAST,39.017681,-76.761353,B22,2019-04-12T13:29:00,BOWIE STATE UNIVERSITY,914717060,2019-04-12T12:50:00,6014
112,LB-31,2019-04-12T13:33:32,10.0,1,SOUTH,39.050739,-76.842422,B30,2019-04-12T13:34:00,GREENBELT STATION,944065060,2019-04-12T12:50:00,6217
113,WL-04,2019-04-12T13:33:27,3.0,1,SOUTH,38.90398,-77.040245,L2,2019-04-12T13:32:00,FARRAGUT SQUARE,915954060,2019-04-12T12:50:00,6497
114,NS-04,2019-04-12T13:33:41,7.0,0,NORTH,38.952156,-77.036331,S2,2019-04-12T13:45:00,SILVER SPRING STATION,896712060,2019-04-12T12:50:00,7203
115,NX-04,2019-04-12T13:33:48,0.0,0,NORTH,38.993214,-77.029892,S9,2019-04-12T13:27:00,SILVER SPRING STATION,897916060,2019-04-12T12:50:00,6443
116,LT-45,2019-04-12T13:33:55,4.0,1,WEST,38.931065,-76.972115,T18,2019-04-12T13:38:00,RHODE ISLAND AVE STATION,939760060,2019-04-12T12:50:00,7046
117,BH-21,2019-04-12T13:33:47,0.0,1,WEST,38.943993,-77.076935,H2,2019-04-12T13:36:00,TENLEYTOWN STATION,917156060,2019-04-12T12:51:00,2853
118,FT-06,2019-04-12T13:33:48,4.0,0,EAST,38.853374,-77.053024,23B,2019-04-12T13:35:00,CRYSTAL CITY,926040060,2019-04-12T12:52:00,3194
119,MC-38,2019-04-12T13:33:32,10.0,1,WEST,39.015121,-77.00499,C4,2019-04-12T13:58:00,TWINBROOK STATION,902140060,2019-04-12T12:52:00,6150
120,PV-22,2019-04-12T13:33:56,5.0,0,EAST,38.894508,-76.917191,V2,2019-04-12T13:34:00,CAPITOL HEIGHTS STATION,904507060,2019-04-12T12:52:00,7304
121,CA-01,2019-04-12T13:33:39,0.0,0,EAST,38.819611,-77.15052,29K,2019-04-12T14:00:00,KING STREET - OLD TOWN STATION,918153060,2019-04-12T12:53:00,6338
122,B-840,2019-04-12T13:33:42,7.0,0,NORTH,38.899799,-77.023712,80,2019-04-12T14:14:00,FORT TOTTEN,938742060,2019-04-12T12:53:00,2907
123,W-409,2019-04-12T13:33:46,12.0,0,NORTH,38.922035,-77.04332,42,2019-04-12T13:31:00,MT PLEASANT VIA ADAMS MORGAN,936985060,2019-04-12T12:54:00,7128
124,N-509,2019-04-12T13:33:35,2.0,1,SOUTH,38.912769,-77.031952,54,2019-04-12T13:48:00,METRO CENTER,923896060,2019-04-12T12:54:00,6535
125,N-765,2019-04-12T13:33:32,1.0,1,SOUTH,38.906597,-77.023979,79,2019-04-12T13:42:00,ARCHIVES,896241060,2019-04-12T12:54:00,6430
126,N-761,2019-04-12T13:33:33,2.0,0,NORTH,38.967117,-77.027405,79,2019-04-12T13:42:00,SILVER SPRING STATION,896335060,2019-04-12T12:54:00,6453
127,S-901,2019-04-12T13:33:39,8.0,0,NORTH,38.887394,-76.995041,92,2019-04-12T13:59:00,REEVES CENTER - 14TH & U NW,902966060,2019-04-12T12:54:00,6192
128,WE-44,2019-04-12T13:33:50,3.0,0,EAST,38.955486,-76.992737,E4,2019-04-12T13:32:00,RIGGS PARK,934289060,2019-04-12T12:54:00,7116
129,BX-23,2019-04-12T13:33:54,8.0,1,WEST,38.899818,-77.021706,X2,2019-04-12T13:37:00,LAFAYETTE SQUARE,906672060,2019-04-12T12:54:00,5463
130,FJ-21,2019-04-12T13:33:51,3.0,0,NORTH,38.853325,-77.055931,10A,2019-04-12T13:44:00,PENTAGON,914342060,2019-04-12T12:55:00,3117
131,A-130,2019-04-12T13:33:43,1.0,0,EAST,38.872177,-77.157631,1A,2019-04-12T13:55:00,BALLSTON,905935060,2019-04-12T12:55:00,7200
132,B-331,2019-04-12T13:33:30,6.0,1,WEST,38.887604,-77.008118,32,2019-04-12T14:06:00,POTOMAC PARK,940820060,2019-04-12T12:55:00,2964
133,MK-06,2019-04-12T13:33:45,1.0,0,NORTH,39.024506,-76.979347,K6,2019-04-12T13:42:00,WHITE OAK,938107060,2019-04-12T12:55:00,7070
134,ML-46,2019-04-12T13:33:52,8.0,0,NORTH,39.076355,-77.080467,L8,2019-04-12T13:31:00,ASPEN HILL,916336060,2019-04-12T12:55:00,7071
135,SN-05,2019-04-12T13:33:53,10.0,0,EAST,38.839123,-76.978226,NH1,2019-04-12T13:26:00,SOUTHERN AVE STATION,932023060,2019-04-12T12:55:00,6169
136,LP-25,2019-04-12T13:33:54,11.0,0,EAST,38.822865,-76.969421,P12,2019-04-12T14:03:00,ADDISON RD STATION,918459060,2019-04-12T12:55:00,7057
137,CR-03,2019-04-12T13:33:54,4.0,0,NORTH,38.754025,-77.083244,REX,2019-04-12T13:53:00,KING STREET - OLD TOWN STATION,904035060,2019-04-12T12:55:00,6311
138,MT-01,2019-04-12T13:33:52,39.0,1,SOUTH,39.07505,-77.16375,T2,2019-04-12T13:40:00,FRIENDSHIP HEIGHTS,895450060,2019-04-12T12:55:00,7370
139,LV-30,2019-04-12T13:33:53,8.0,1,SOUTH,38.865349,-76.906746,V14,2019-04-12T13:37:00,PENN MAR,917941060,2019-04-12T12:55:00,8014
140,MY-15,2019-04-12T13:33:46,-4.0,0,NORTH,39.080719,-77.074867,Y8,2019-04-12T14:00:00,MONTGOMERY MEDICAL CENTER VIA LEISURE WORLD,925366060,2019-04-12T12:55:00,6023
141,W-219,2019-04-12T13:33:23,7.0,1,SOUTH,38.905094,-77.062363,31,2019-04-12T13:40:00,POTOMAC PARK,943065060,2019-04-12T12:56:00,7140
142,PD-39,2019-04-12T13:33:36,4.0,1,WEST,38.813,-76.983688,D12,2019-04-12T13:52:00,SOUTHERN AVE STATION,930119060,2019-04-12T12:56:00,7321
143,PU-52,2019-04-12T13:33:33,6.0,0,EAST,38.893509,-76.929993,U6,2019-04-12T13:30:00,MARSHALL HEIGHTS - LINCOLN HEIGHTS,905395060,2019-04-12T12:56:00,6117
144,N-502,2019-04-12T13:33:51,11.0,0,NORTH,38.908527,-77.031952,52,2019-04-12T13:48:00,14TH & COLORADO,923731060,2019-04-12T12:57:00,6545
145,S-912,2019-04-12T13:33:50,4.0,0,NORTH,38.907005,-77.000107,90,2019-04-12T13:57:00,ELLINGTON BRIDGE,902967060,2019-04-12T12:57:00,6400
146,MC-84,2019-04-12T13:33:53,9.0,0,EAST,39.066441,-77.029793,C8,2019-04-12T14:11:00,COLLEGE PARK STATION,895720060,2019-04-12T12:57:00,8050
147,BD-17,2019-04-12T13:33:27,4.0,1,WEST,38.902538,-77.030403,D6,2019-04-12T14:21:00,SIBLEY HOSPITAL,927233060,2019-04-12T12:57:00,2856
148,NS-17,2019-04-12T13:33:38,2.0,1,SOUTH,38.914204,-77.036537,S4,2019-04-12T13:50:00,FEDERAL TRIANGLE,896811060,2019-04-12T12:57:00,7344
149,A-605,2019-04-12T13:33:47,1.0,0,EAST,38.854622,-77.139832,26A,2019-04-12T13:48:00,EAST FALLS CHURCH STATION,931979060,2019-04-12T12:58:00,7192
150,MC-26,2019-04-12T13:33:46,6.0,1,WEST,38.989948,-76.988686,C2,2019-04-12T13:54:00,WHEATON STATION,902073060,2019-04-12T12:58:00,6154
151,PD-38,2019-04-12T13:33:43,4.0,0,EAST,38.804508,-76.978912,D12,2019-04-12T13:55:00,SUITLAND STATION,930031060,2019-04-12T12:58:00,7326
152,BR-10,2019-04-12T13:33:39,10.0,0,NORTH,38.996712,-76.972763,R2,2019-04-12T13:45:00,CALVERTON,936021060,2019-04-12T12:58:00,2942
153,BX-25,2019-04-12T13:33:52,1.0,0,EAST,38.89994,-76.982765,X2,2019-04-12T13:45:00,MINNESOTA AVENUE STATION,906483060,2019-04-12T12:59:00,5468
154,FJ-24,2019-04-12T13:33:53,5.0,1,SOUTH,38.814499,-77.053207,10A,2019-04-12T13:47:00,HUNTINGTON STATION N,914385060,2019-04-12T13:00:00,3138
155,FJ-64,2019-04-12T13:33:46,-1.0,1,SOUTH,38.836803,-77.06147,10B,2019-04-12T13:58:00,HUNTING POINT,911819060,2019-04-12T13:00:00,3187
156,FC-21,2019-04-12T13:33:50,4.0,1,WEST,38.847572,-77.136047,16A,2019-04-12T13:53:00,ANNANDALE - PIKE RIDE,907872060,2019-04-12T13:00:00,3157
157,FC-75,2019-04-12T13:33:39,8.0,1,WEST,38.859852,-77.117142,16G,2019-04-12T13:27:00,ARLINGTON MILL - PIKE RIDE,908544060,2019-04-12T13:00:00,2667
158,FB-30,2019-04-12T13:33:43,-1.0,1,WEST,38.850285,-77.100037,22A,2019-04-12T13:51:00,BALLSTON,922558060,2019-04-12T13:00:00,2975
159,FB-22,2019-04-12T13:33:42,4.0,0,EAST,38.83633,-77.085327,22A,2019-04-12T13:47:00,PENTAGON VIA PENTAGON CITY,922493060,2019-04-12T13:00:00,3143
160,A-610,2019-04-12T13:33:44,20.0,1,WEST,38.857281,-77.142113,26A,2019-04-12T13:49:00,N V C C - ANNANDALE,931954060,2019-04-12T13:00:00,7180
161,FE-04,2019-04-12T13:33:49,0.0,0,EAST,38.87558,-77.160606,28A,2019-04-12T14:19:00,KING STREET - OLD TOWN STATION,921205060,2019-04-12T13:00:00,3172
162,A-208,2019-04-12T13:33:47,1.0,1,WEST,38.880798,-77.229332,2A,2019-04-12T13:34:00,DUNN LORING STATION,901269060,2019-04-12T13:00:00,7199
163,AM-23,2019-04-12T13:33:54,4.0,0,EAST,38.903534,-77.05291,38B,2019-04-12T13:39:00,FARRAGUT SQUARE,900034060,2019-04-12T13:00:00,7187
164,W-412,2019-04-12T13:33:55,19.0,1,SOUTH,38.910278,-77.0439,42,2019-04-12T13:36:00,GALLERY PLACE,936816060,2019-04-12T13:00:00,6501
165,N-506,2019-04-12T13:33:49,6.0,1,SOUTH,38.905918,-77.032219,52,2019-04-12T13:50:00,L'ENFANT PLAZA STATION,923819060,2019-04-12T13:00:00,7228
166,M-702,2019-04-12T13:33:46,15.0,0,NORTH,38.915295,-77.021919,70,2019-04-12T13:59:00,SILVER SPRING STATION,898704060,2019-04-12T13:00:00,5445
167,M-712,2019-04-12T13:33:50,6.0,1,SOUTH,38.946182,-77.026649,70,2019-04-12T14:06:00,ARCHIVES,898761060,2019-04-12T13:00:00,7362
168,F-720,2019-04-12T13:33:55,4.0,1,SOUTH,38.81974,-77.1362,7A,2019-04-12T13:31:00,LINCOLNIA,932332060,2019-04-12T13:00:00,3123
169,B-842,2019-04-12T13:33:49,3.0,0,NORTH,38.91489,-77.008911,80,2019-04-12T13:58:00,FORT TOTTEN,938759060,2019-04-12T13:00:00,2904
170,B-804,2019-04-12T13:33:56,9.0,0,NORTH,38.959419,-76.946823,86,2019-04-12T14:16:00,CALVERTON,933329060,2019-04-12T13:00:00,2940
171,B-918,2019-04-12T13:33:27,3.0,0,EAST,38.916969,-77.032158,96,2019-04-12T14:32:00,CAPITOL HEIGHTS STATION,913757060,2019-04-12T13:00:00,2955
172,LA-10,2019-04-12T13:33:33,11.0,0,NORTH,38.93256,-76.866676,A12,2019-04-12T13:52:00,CAPITAL PLAZA,940116060,2019-04-12T13:00:00,8022
173,LA-25,2019-04-12T13:33:39,7.0,1,SOUTH,38.918324,-76.860405,A12,2019-04-12T13:54:00,ADDISON RD STATION,940067060,2019-04-12T13:00:00,8024
174,BB-03,2019-04-12T13:33:50,-4.0,1,SOUTH,38.880352,-76.983643,B2,2019-04-12T13:59:00,ANACOSTIA STATION,911030060,2019-04-12T13:00:00,2865
175,LB-33,2019-04-12T13:33:44,1.0,0,NORTH,39.153461,-76.726593,B30,2019-04-12T13:50:00,BWI - THURGOOD MARSHALL  AIRPORT,931573060,2019-04-12T13:00:00,8007
176,BD-14,2019-04-12T13:33:42,6.0,0,EAST,38.909824,-77.044884,D6,2019-04-12T14:19:00,STADIUM-ARMORY,927315060,2019-04-12T13:00:00,2888
177,BD-80,2019-04-12T13:33:44,7.0,0,NORTH,38.919411,-76.991104,D8,2019-04-12T13:56:00,WASHINGTON HOSPITAL CENTER,920079060,2019-04-12T13:00:00,6167
178,LF-62,2019-04-12T13:33:51,5.0,1,WEST,38.963757,-76.947006,F4,2019-04-12T14:02:00,SILVER SPRING STATION,942542060,2019-04-12T13:00:00,6005
179,LF-97,2019-04-12T13:33:56,5.0,0,EAST,38.972122,-76.953476,F6,2019-04-12T14:07:00,NEW CARROLLTON STATION,942899060,2019-04-12T13:00:00,6004
180,BG-53,2019-04-12T13:33:53,5.0,0,EAST,38.922447,-76.992294,G8,2019-04-12T13:58:00,AVONDALE,894973060,2019-04-12T13:00:00,2835
181,LH-05,2019-04-12T13:33:48,6.0,0,NORTH,38.851055,-76.956299,H12,2019-04-12T13:28:00,NAYLOR RD STATION,933131060,2019-04-12T13:00:00,7009
182,MJ-03,2019-04-12T13:33:39,6.0,0,EAST,38.983456,-77.095406,J2,2019-04-12T13:43:00,SILVER SPRING STATION VIA BETHESDA,912717060,2019-04-12T13:00:00,7066
183,WL-13,2019-04-12T13:33:54,20.0,0,NORTH,38.923176,-77.043076,L2,2019-04-12T13:40:00,CHEVY CHASE CIRCLE,915856060,2019-04-12T13:00:00,7136
184,WN-07,2019-04-12T13:32:34,10.0,1,WEST,38.93718,-77.084808,N4,2019-04-12T13:35:00,FRIENDSHIP HEIGHTS,933832060,2019-04-12T13:00:00,7134
185,LP-26,2019-04-12T13:33:48,8.0,1,WEST,38.838791,-76.948433,P12,2019-04-12T13:57:00,EASTOVER,918519060,2019-04-12T13:00:00,7018
186,SP-01,2019-04-12T13:33:55,4.0,1,SOUTH,38.898506,-77.027031,P6,2019-04-12T14:04:00,ANACOSTIA STATION,926727060,2019-04-12T13:00:00,6560
187,SP-06,2019-04-12T13:33:34,2.0,0,NORTH,38.894287,-77.025154,P6,2019-04-12T14:05:00,RHODE ISLAND AVE STATION,926816060,2019-04-12T13:00:00,6578
188,MQ-01,2019-04-12T13:33:41,5.0,1,SOUTH,39.075188,-77.116364,Q6,2019-04-12T13:48:00,WHEATON STATION,900662060,2019-04-12T13:00:00,7264
189,CR-04,2019-04-12T13:33:45,3.0,1,SOUTH,38.74305,-77.084999,REX,2019-04-12T13:59:00,FORT BELVOIR,903990060,2019-04-12T13:00:00,6303
190,NX-01,2019-04-12T13:33:39,8.0,1,SOUTH,38.923378,-77.03656,S9,2019-04-12T13:42:00,FRANKLIN SQUARE,897981060,2019-04-12T13:00:00,6458
191,PV-38,2019-04-12T13:33:51,1.0,1,WEST,38.866791,-76.985237,V2,2019-04-12T13:40:00,ANACOSTIA STATION,904368060,2019-04-12T13:00:00,7302
192,B-180,2019-04-12T13:33:44,2.0,0,EAST,38.896282,-77.009048,X8,2019-04-12T13:15:00,CARVER TERRACE,914832060,2019-04-12T13:00:00,2842
193,BX-81,2019-04-12T13:33:34,5.0,0,EAST,38.897095,-76.947243,X9,2019-04-12T13:29:00,MINNESOTA AVENUE STATION,897707060,2019-04-12T13:00:00,2681
194,MZ-32,2019-04-12T13:33:09,17.0,0,NORTH,39.038063,-76.994141,Z6,2019-04-12T13:54:00,BURTONSVILLE PARK & RIDE,909285060,2019-04-12T13:00:00,6019
195,MZ-19,2019-04-12T13:33:46,8.0,1,SOUTH,39.044842,-76.980865,Z8,2019-04-12T13:49:00,SILVER SPRING STATION,909563060,2019-04-12T13:00:00,6147
196,B-321,2019-04-12T13:33:54,2.0,0,EAST,38.884262,-76.99556,36,2019-04-12T13:55:00,NAYLOR RD STATION,940916060,2019-04-12T13:01:00,2846
197,BB-04,2019-04-12T13:33:45,0.0,0,NORTH,38.893646,-76.983589,B2,2019-04-12T13:58:00,MT RAINIER,911003060,2019-04-12T13:01:00,2833
198,SP-49,2019-04-12T13:33:41,6.0,0,NORTH,38.818932,-76.999641,W14,2019-04-12T13:37:00,SOUTHERN AVE STATION,928028060,2019-04-12T13:01:00,6404
199,FC-14,2019-04-12T13:33:36,4.0,0,EAST,38.852409,-77.12471,16A,2019-04-12T13:50:00,PENTAGON - PIKE RIDE,907910060,2019-04-12T13:02:00,3106
200,WE-43,2019-04-12T13:33:56,-3.0,1,WEST,38.964916,-77.074509,E4,2019-04-12T13:41:00,FRIENDSHIP HEIGHTS,934230060,2019-04-12T13:02:00,7147
201,BG-47,2019-04-12T13:33:47,6.0,1,WEST,38.917095,-77.008423,G8,2019-04-12T13:54:00,FARRAGUT SQUARE,895048060,2019-04-12T13:02:00,2866
202,WN-09,2019-04-12T13:33:31,8.0,0,EAST,38.915119,-77.054787,N4,2019-04-12T13:35:00,FARRAGUT SQUARE,933904060,2019-04-12T13:02:00,7112
203,S-906,2019-04-12T13:33:48,12.0,1,SOUTH,38.914967,-77.018944,90,2019-04-12T14:04:00,ANACOSTIA STATION,903172060,2019-04-12T13:04:00,6563
204,MQ-15,2019-04-12T13:33:45,1.0,1,SOUTH,39.039581,-77.054779,Q4,2019-04-12T13:53:00,SILVER SPRING STATION,900655060,2019-04-12T13:04:00,7368
205,MZ-17,2019-04-12T13:33:48,1.0,1,SOUTH,39.077961,-76.942047,Z6,2019-04-12T14:04:00,SILVER SPRING STATION,909315060,2019-04-12T13:04:00,6029
206,A-124,2019-04-12T13:33:56,5.0,1,WEST,38.870499,-77.153908,1A,2019-04-12T14:05:00,VIENNA STATION,905893060,2019-04-12T13:05:00,7170
207,FE-19,2019-04-12T13:33:39,2.0,1,WEST,38.846481,-77.125259,28A,2019-04-12T14:22:00,TYSONS CORNER STA,921153060,2019-04-12T13:05:00,3182
208,B-351,2019-04-12T13:33:56,-1.0,1,WEST,38.887058,-77.001717,36,2019-04-12T14:15:00,POTOMAC PARK,940759060,2019-04-12T13:05:00,2867
209,A-303,2019-04-12T13:33:41,0.0,1,WEST,38.825737,-77.219215,3A,2019-04-12T13:35:00,ANNANDALE,931791060,2019-04-12T13:05:00,3766
210,F-404,2019-04-12T13:33:39,0.0,0,EAST,38.892151,-77.080856,4B,2019-04-12T13:38:00,ROSSLYN,941554060,2019-04-12T13:05:00,3145
211,N-510,2019-04-12T13:33:51,20.0,0,NORTH,38.907585,-77.031952,54,2019-04-12T13:52:00,TAKOMA STATION,923732060,2019-04-12T13:05:00,7219
212,B-750,2019-04-12T13:33:55,11.0,1,SOUTH,38.876411,-77.016029,74,2019-04-12T13:27:00,NATIONALS PARK,899598060,2019-04-12T13:05:00,3026
213,B-849,2019-04-12T13:33:36,1.0,1,SOUTH,38.916286,-77.009201,80,2019-04-12T14:18:00,KENNEDY CENTER,938797060,2019-04-12T13:05:00,2883
214,LB-22,2019-04-12T13:33:56,3.0,0,EAST,38.97234,-76.766899,B24,2019-04-12T13:58:00,BOWIE PARK & RIDE,914234060,2019-04-12T13:05:00,6188
215,LB-20,2019-04-12T13:33:31,3.0,1,WEST,38.968426,-76.789284,B24,2019-04-12T13:50:00,NEW CARROLLTON STATION,914255060,2019-04-12T13:05:00,7405
216,MC-81,2019-04-12T13:33:35,3.0,1,WEST,39.024654,-76.979492,C8,2019-04-12T14:18:00,WHITE FLINT STATION,895747060,2019-04-12T13:05:00,6030
217,BD-81,2019-04-12T13:33:42,1.0,1,SOUTH,38.91552,-76.994217,D8,2019-04-12T13:52:00,UNION STATION,920012060,2019-04-12T13:05:00,2860
218,MJ-17,2019-04-12T13:33:46,7.0,1,WEST,38.991894,-77.095795,J2,2019-04-12T13:48:00,MONTGOMERY MALL,912611060,2019-04-12T13:05:00,6031
219,MK-08,2019-04-12T13:33:54,-3.0,1,SOUTH,38.962799,-77.004631,K6,2019-04-12T13:45:00,FORT TOTTEN,938190060,2019-04-12T13:05:00,7262
220,SN-25,2019-04-12T13:33:36,5.0,1,WEST,38.806419,-77.070557,NH2,2019-04-12T13:35:00,HUNTINGTON STATION VIA KING ST-OLD TOWN STATION,913253060,2019-04-12T13:05:00,6571
221,MQ-13,2019-04-12T13:33:39,1.0,0,NORTH,39.055019,-77.080231,Q4,2019-04-12T13:48:00,ROCKVILLE STATION,900554060,2019-04-12T13:05:00,7372
222,NS-15,2019-04-12T13:32:57,1.0,0,NORTH,38.92683,-77.0364,S4,2019-04-12T13:55:00,SILVER SPRING STATION,896722060,2019-04-12T13:05:00,6489
223,MT-06,2019-04-12T13:33:45,8.0,0,NORTH,39.003494,-77.184265,T2,2019-04-12T13:48:00,ROCKVILLE STATION,895433060,2019-04-12T13:05:00,8035
224,PV-19,2019-04-12T13:33:39,4.0,0,EAST,38.892273,-76.951271,V4,2019-04-12T13:49:00,CAPITOL HEIGHTS STATION,904454060,2019-04-12T13:05:00,6123
225,SW-08,2019-04-12T13:33:49,3.0,0,EAST,38.844208,-76.976364,W1,2019-04-12T13:37:00,SOUTHERN AVE STATION,937775060,2019-04-12T13:05:00,3048
226,BX-84,2019-04-12T13:33:53,6.0,1,WEST,38.899811,-77.022865,X9,2019-04-12T13:35:00,METRO CENTER,897763060,2019-04-12T13:05:00,2857
227,FC-08,2019-04-12T13:33:30,2.0,0,EAST,38.867939,-77.065453,16C,2019-04-12T13:35:00,PENTAGON - PIKE RIDE,907984060,2019-04-12T13:06:00,3167
228,W-400,2019-04-12T13:33:33,13.0,0,NORTH,38.905525,-77.040939,42,2019-04-12T13:43:00,MT PLEASANT VIA ADAMS MORGAN,936910060,2019-04-12T13:06:00,7144
229,N-762,2019-04-12T13:33:56,7.0,1,SOUTH,38.945621,-77.026474,79,2019-04-12T13:54:00,ARCHIVES,896227060,2019-04-12T13:06:00,6433
230,N-770,2019-04-12T13:33:44,-8.0,0,NORTH,38.961521,-77.027878,79,2019-04-12T13:54:00,SILVER SPRING STATION,896344060,2019-04-12T13:06:00,6446
231,B-803,2019-04-12T13:33:46,6.0,0,NORTH,38.953854,-76.940399,83,2019-04-12T14:01:00,CHERRY HILL,933372060,2019-04-12T13:06:00,2885
232,BH-45,2019-04-12T13:33:24,0.0,1,WEST,38.926365,-77.036972,H4,2019-04-12T13:53:00,TENLEYTOWN STATION,917090060,2019-04-12T13:06:00,2897
233,NH-81,2019-04-12T13:33:54,-1.0,1,WEST,38.932171,-77.027466,H8,2019-04-12T13:44:00,MT PLEASANT,940385060,2019-04-12T13:06:00,7210
234,NH-82,2019-04-12T13:33:42,5.0,0,EAST,38.944443,-77.003754,H8,2019-04-12T13:47:00,RHODE ISLAND AVE STATION,940408060,2019-04-12T13:06:00,7342
235,FS-04,2019-04-12T13:33:39,0.0,1,SOUTH,38.813786,-77.053154,MW1,2019-04-12T13:30:00,METROWAY - BRADDOCK ROAD STATION,909910060,2019-04-12T13:06:00,2992
236,BX-41,2019-04-12T13:33:49,-2.0,1,WEST,38.899818,-77.017433,X2,2019-04-12T13:49:00,LAFAYETTE SQUARE,906671060,2019-04-12T13:06:00,5462
237,FT-04,2019-04-12T13:33:53,7.0,0,EAST,38.909847,-77.137505,23T,2019-04-12T14:00:00,SHIRLINGTON,926037060,2019-04-12T13:07:00,3186
238,W-301,2019-04-12T13:33:40,10.0,0,EAST,38.931095,-77.072777,30N,2019-04-12T14:37:00,NAYLOR RD STATION,898351060,2019-04-12T13:07:00,7110
239,ML-48,2019-04-12T13:33:33,-2.0,1,SOUTH,38.996647,-77.077271,L8,2019-04-12T13:48:00,FRIENDSHIP HEIGHTS,916413060,2019-04-12T13:07:00,7077
240,SA-04,2019-04-12T13:33:46,3.0,1,SOUTH,38.833733,-76.985184,A2,2019-04-12T13:36:00,SOUTHERN AVE STATION,928242060,2019-04-12T13:08:00,6402
241,NS-06,2019-04-12T13:33:41,-4.0,1,SOUTH,38.930634,-77.036514,S2,2019-04-12T14:05:00,FEDERAL TRIANGLE,896802060,2019-04-12T13:08:00,6536
242,WG-01,2019-04-12T13:33:45,-9.0,1,WEST,38.909264,-77.063454,G2,2019-04-12T13:48:00,GEORGETOWN UNIVERSITY,939394060,2019-04-12T13:09:00,3074
243,MQ-04,2019-04-12T13:33:43,6.0,0,NORTH,39.076714,-77.12188,Q6,2019-04-12T13:51:00,SHADY GROVE STATION,900533060,2019-04-12T13:09:00,7067
244,PU-71,2019-04-12T13:33:47,8.0,0,NORTH,38.902756,-76.946274,U7,2019-04-12T13:31:00,DEANWOOD STATION,905063060,2019-04-12T13:09:00,6106
245,FW-54,2019-04-12T13:33:40,3.0,1,SOUTH,38.843201,-77.115608,25B,2019-04-12T14:10:00,VAN DORN ST STATION,915431060,2019-04-12T13:10:00,3166
246,CA-02,2019-04-12T13:33:25,3.0,1,WEST,38.818855,-77.129875,29N,2019-04-12T14:16:00,VIENNA STATION,918131060,2019-04-12T13:10:00,6328
247,AM-04,2019-04-12T13:33:35,5.0,1,WEST,38.89761,-77.07148,38B,2019-04-12T13:49:00,BALLSTON,899982060,2019-04-12T13:10:00,7191
248,N-515,2019-04-12T13:33:44,7.0,1,SOUTH,38.946754,-77.032722,54,2019-04-12T14:04:00,METRO CENTER,923894060,2019-04-12T13:10:00,7349
249,BB-77,2019-04-12T13:33:48,5.0,1,WEST,38.930561,-76.957527,B9,2019-04-12T13:40:00,RHODE ISLAND AVE STATION,921092060,2019-04-12T13:10:00,3024
250,LF-59,2019-04-12T13:32:59,6.0,0,EAST,38.978085,-77.006218,F4,2019-04-12T14:09:00,NEW CARROLLTON STATION,942471060,2019-04-12T13:10:00,7011
251,BH-61,2019-04-12T13:33:50,9.0,1,WEST,38.927944,-76.961861,H6,2019-04-12T13:43:00,BROOKLAND STATION,916724060,2019-04-12T13:10:00,3002
252,WL-12,2019-04-12T13:33:45,6.0,1,SOUTH,38.935966,-77.058731,L2,2019-04-12T13:52:00,FARRAGUT SQUARE,915953060,2019-04-12T13:10:00,7149
253,NX-08,2019-04-12T13:33:56,10.0,0,NORTH,38.928097,-77.036461,S9,2019-04-12T13:47:00,SILVER SPRING STATION,897915060,2019-04-12T13:10:00,6431
254,PU-51,2019-04-12T13:33:34,1.0,0,EAST,38.888687,-76.927734,U5,2019-04-12T13:45:00,MARSHALL HEIGHTS - LINCOLN HEIGHTS,905394060,2019-04-12T13:10:00,7305
255,LV-03,2019-04-12T13:33:39,8.0,0,NORTH,38.85778,-76.905869,V12,2019-04-12T13:43:00,ADDISON RD STATION,935607060,2019-04-12T13:10:00,7027
256,LV-15,2019-04-12T13:33:51,3.0,1,SOUTH,38.863953,-76.914497,V12,2019-04-12T13:45:00,SUITLAND STATION,935638060,2019-04-12T13:10:00,8005
257,MY-27,2019-04-12T13:33:50,6.0,0,NORTH,39.032387,-77.048378,Y7,2019-04-12T14:06:00,ICC PARK & RIDE VIA LEISURE WORLD,925349060,2019-04-12T13:10:00,7243
258,SA-45,2019-04-12T13:33:52,3.0,1,SOUTH,38.830841,-77.010826,A4,2019-04-12T13:46:00,DC VILLAGE VIA FORT DRUM,929619060,2019-04-12T13:11:00,6174
259,PW-43,2019-04-12T13:33:45,2.0,1,SOUTH,38.876656,-76.931244,W4,2019-04-12T14:10:00,ANACOSTIA STATION,941852060,2019-04-12T13:11:00,6104
260,BX-28,2019-04-12T13:33:42,7.0,0,EAST,38.899799,-77.014664,X2,2019-04-12T13:57:00,MINNESOTA AVENUE STATION,906510060,2019-04-12T13:11:00,5466
261,FC-82,2019-04-12T13:33:50,0.0,1,WEST,38.848934,-77.11808,16H,2019-04-12T13:40:00,SKYLINE CITY - PIKE RIDE,908543060,2019-04-12T13:12:00,3163
262,A-252,2019-04-12T13:33:40,8.0,0,EAST,38.853378,-77.358269,1C,2019-04-12T14:15:00,DUNN LORING STATION,906328060,2019-04-12T13:12:00,6588
263,W-411,2019-04-12T13:33:42,11.0,1,SOUTH,38.917149,-77.045998,42,2019-04-12T13:48:00,GALLERY PLACE,936815060,2019-04-12T13:12:00,7122
264,N-649,2019-04-12T13:33:51,4.0,0,NORTH,38.973778,-77.018036,62,2019-04-12T13:32:00,TAKOMA STATION,930490060,2019-04-12T13:12:00,6543
265,N-643,2019-04-12T13:33:38,5.0,1,SOUTH,38.937199,-77.024422,62,2019-04-12T13:29:00,GEORGIA AVE - PETWORTH STATION,930518060,2019-04-12T13:12:00,7205
266,N-611,2019-04-12T13:33:33,3.0,1,SOUTH,38.930862,-77.028122,64,2019-04-12T13:52:00,FEDERAL TRIANGLE,919082060,2019-04-12T13:12:00,7206
267,M-704,2019-04-12T13:33:42,3.0,1,SOUTH,38.961987,-77.027946,70,2019-04-12T14:18:00,ARCHIVES,898762060,2019-04-12T13:12:00,5431
268,M-711,2019-04-12T13:33:45,2.0,0,NORTH,38.916595,-77.021904,70,2019-04-12T14:11:00,SILVER SPRING STATION,898705060,2019-04-12T13:12:00,7378
269,WE-51,2019-04-12T13:33:56,9.0,0,EAST,38.963238,-77.039345,E4,2019-04-12T13:44:00,FORT TOTTEN,934288060,2019-04-12T13:12:00,7141
270,LE-01,2019-04-12T13:33:45,3.0,0,NORTH,38.937618,-76.876305,F12,2019-04-12T13:44:00,NEW CARROLLTON STATION,894848060,2019-04-12T13:12:00,7407
271,PM-71,2019-04-12T13:33:26,-1.0,1,WEST,38.880615,-76.985336,M6,2019-04-12T13:33:00,POTOMAC AVE STATION,920513060,2019-04-12T13:12:00,7334
272,FC-76,2019-04-12T13:33:32,4.0,0,EAST,38.862347,-77.059738,16G,2019-04-12T13:30:00,PENTAGON CITY - PIKE RIDE,908655060,2019-04-12T13:13:00,3113
273,N-511,2019-04-12T13:33:47,-1.0,0,NORTH,38.902229,-77.031937,52,2019-04-12T14:04:00,14TH & COLORADO,923728060,2019-04-12T13:13:00,7358
274,MC-44,2019-04-12T13:33:32,1.0,0,EAST,39.038006,-77.051086,C4,2019-04-12T14:23:00,PRINCE GEORGES PLAZA STATION,902180060,2019-04-12T13:13:00,7266
275,LF-05,2019-04-12T13:33:51,5.0,0,NORTH,38.875843,-76.920799,F14,2019-04-12T14:21:00,NEW CARROLLTON STATION,896001060,2019-04-12T13:13:00,8006
276,SA-47,2019-04-12T13:33:34,7.0,0,NORTH,38.828102,-77.012566,A4,2019-04-12T13:47:00,COAST GUARD HQ VIA ANACOSTIA STATION,929676060,2019-04-12T13:14:00,6408
277,SA-11,2019-04-12T13:33:48,6.0,1,SOUTH,38.829796,-77.007721,A8,2019-04-12T13:37:00,LIVINGSTON VIA SOUTH CAPITOL,928125060,2019-04-12T13:14:00,6175
278,BH-26,2019-04-12T13:33:24,-2.0,0,EAST,38.928707,-77.033493,H2,2019-04-12T14:01:00,BROOKLAND STATION,917204060,2019-04-12T13:14:00,2961
279,PW-42,2019-04-12T13:33:28,5.0,0,NORTH,38.844925,-76.987366,W4,2019-04-12T14:13:00,DEANWOOD STATION,941801060,2019-04-12T13:14:00,7301
280,FJ-61,2019-04-12T13:33:52,1.0,0,NORTH,38.820251,-77.057571,10B,2019-04-12T14:15:00,BALLSTON,911884060,2019-04-12T13:15:00,3177
281,FC-13,2019-04-12T13:33:36,4.0,1,WEST,38.861313,-77.091759,16C,2019-04-12T13:52:00,CULMORE - PIKE RIDE,907871060,2019-04-12T13:15:00,2652
282,FT-18,2019-04-12T13:33:34,9.0,1,WEST,38.841827,-77.063522,23B,2019-04-12T13:55:00,BALLSTON,925951060,2019-04-12T13:15:00,3128
283,A-207,2019-04-12T13:33:40,0.0,0,EAST,38.882038,-77.171219,2A,2019-04-12T13:53:00,BALLSTON,901370060,2019-04-12T13:15:00,7176
284,W-304,2019-04-12T13:33:55,6.0,1,WEST,38.858871,-76.968224,30S,2019-04-12T14:56:00,FRIENDSHIP HEIGHTS,898307060,2019-04-12T13:15:00,7154
285,F-403,2019-04-12T13:33:47,2.0,1,WEST,38.87188,-77.108009,4B,2019-04-12T13:50:00,SEVEN CORNERS,941506060,2019-04-12T13:15:00,3183
286,F-502,2019-04-12T13:33:27,5.0,0,EAST,38.947884,-77.307137,5A,2019-04-12T14:00:00,L'ENFANT PLAZA STATION,901835060,2019-04-12T13:15:00,2723
287,BD-52,2019-04-12T13:33:46,5.0,0,EAST,38.902462,-77.006744,D4,2019-04-12T13:44:00,IVY CITY,927725060,2019-04-12T13:15:00,2817
288,BD-51,2019-04-12T13:33:25,-4.0,1,WEST,38.902569,-77.017975,D4,2019-04-12T13:43:00,FRANKLIN SQUARE,927677060,2019-04-12T13:15:00,2908
289,LG-02,2019-04-12T13:33:36,2.0,0,EAST,38.996464,-76.886665,G12,2019-04-12T14:02:00,NEW CARROLLTON STATION,925030060,2019-04-12T13:15:00,6010
290,LG-10,2019-04-12T13:33:43,6.0,1,WEST,38.980648,-76.847069,G14,2019-04-12T14:09:00,GREENBELT STATION,924949060,2019-04-12T13:15:00,6002
291,MJ-16,2019-04-12T13:33:56,4.0,0,EAST,39.006237,-77.098297,J2,2019-04-12T13:58:00,SILVER SPRING STATION VIA BETHESDA,912716060,2019-04-12T13:15:00,6381
292,MK-10,2019-04-12T13:33:37,-2.0,0,NORTH,38.98632,-76.987938,K6,2019-04-12T14:02:00,WHITE OAK,938106060,2019-04-12T13:15:00,6016
293,LT-46,2019-04-12T13:33:38,12.0,1,WEST,38.94733,-76.891068,T18,2019-04-12T14:03:00,RHODE ISLAND AVE STATION,939759060,2019-04-12T13:15:00,7041
294,PU-60,2019-04-12T13:33:46,0.0,1,WEST,38.898289,-76.947113,U5,2019-04-12T13:31:00,MINNESOTA AVENUE STATION,905473060,2019-04-12T13:15:00,7316
295,PV-20,2019-04-12T13:33:47,5.0,1,WEST,38.897755,-76.946854,V4,2019-04-12T13:58:00,NAVY YARD - BALLPARK STATION,904405060,2019-04-12T13:15:00,7322
296,SP-48,2019-04-12T13:33:52,10.0,1,SOUTH,38.818962,-76.999947,W14,2019-04-12T13:46:00,FRIENDLY,928022060,2019-04-12T13:15:00,6564
297,SW-60,2019-04-12T13:33:37,2.0,1,ANTICLKW,38.84837,-76.978134,W8,2019-04-12T13:52:00,GARFIELD - ANACOSTIA LOOP,910595060,2019-04-12T13:15:00,3047
298,BX-82,2019-04-12T13:33:31,5.0,0,EAST,38.90023,-76.996712,X9,2019-04-12T13:44:00,MINNESOTA AVENUE STATION,897706060,2019-04-12T13:15:00,2802
299,FC-74,2019-04-12T13:33:41,8.0,0,EAST,38.856892,-77.107872,16H,2019-04-12T13:42:00,PENTAGON CITY - PIKE RIDE,908654060,2019-04-12T13:16:00,3156
300,B-323,2019-04-12T13:33:56,4.0,0,EAST,38.885132,-76.997604,34,2019-04-12T13:52:00,NAYLOR RD STATION,940946060,2019-04-12T13:16:00,3202
301,N-508,2019-04-12T13:33:39,4.0,1,SOUTH,38.928448,-77.032616,52,2019-04-12T14:06:00,L'ENFANT PLAZA STATION,923895060,2019-04-12T13:16:00,7357
302,BB-07,2019-04-12T13:33:50,4.0,1,SOUTH,38.907848,-76.978539,B2,2019-04-12T14:15:00,ANACOSTIA STATION,911026060,2019-04-12T13:16:00,2944
303,SW-23,2019-04-12T13:33:49,-5.0,0,EAST,38.853203,-76.973228,W3,2019-04-12T14:14:00,UNITED MEDICAL CENTER,912216060,2019-04-12T13:16:00,3052
304,SW-27,2019-04-12T13:33:52,1.0,1,WEST,38.845043,-76.9767,W3,2019-04-12T14:15:00,WASHINGTON OVERLOOK,912255060,2019-04-12T13:16:00,3056
305,S-903,2019-04-12T13:33:54,12.0,0,NORTH,38.864689,-76.989845,90,2019-04-12T14:17:00,ELLINGTON BRIDGE,902965060,2019-04-12T13:17:00,6554
306,BB-01,2019-04-12T13:33:30,2.0,0,NORTH,38.873909,-76.971375,B2,2019-04-12T14:14:00,MT RAINIER,911002060,2019-04-12T13:17:00,2914
307,LK-24,2019-04-12T13:33:39,5.0,0,NORTH,38.832115,-76.875862,K12,2019-04-12T13:57:00,SUITLAND STATION,920872060,2019-04-12T13:17:00,6199
308,WN-02,2019-04-12T13:33:35,10.0,1,WEST,38.90971,-77.042648,N2,2019-04-12T13:55:00,FRIENDSHIP HEIGHTS,933820060,2019-04-12T13:17:00,7159
309,MY-05,2019-04-12T13:33:50,1.0,1,SOUTH,39.077839,-77.071548,Y7,2019-04-12T14:15:00,SILVER SPRING STATION,925460060,2019-04-12T13:17:00,7374
310,FT-15,2019-04-12T13:33:46,-3.0,1,WEST,38.875664,-77.107613,23T,2019-04-12T14:12:00,TYSONS CORNER,925952060,2019-04-12T13:18:00,3108
311,W-413,2019-04-12T13:33:51,6.0,0,NORTH,38.901337,-77.038597,42,2019-04-12T13:55:00,MT PLEASANT VIA ADAMS MORGAN,937036060,2019-04-12T13:18:00,7104
312,N-767,2019-04-12T13:33:54,0.0,1,SOUTH,38.958984,-77.028206,79,2019-04-12T14:06:00,ARCHIVES,896240060,2019-04-12T13:18:00,6436
313,N-766,2019-04-12T13:33:41,1.0,0,NORTH,38.915588,-77.021919,79,2019-04-12T14:06:00,SILVER SPRING STATION,896334060,2019-04-12T13:18:00,6440
314,SA-18,2019-04-12T13:33:43,3.0,0,NORTH,38.831337,-77.000374,A2,2019-04-12T13:46:00,ANACOSTIA STATION,928423060,2019-04-12T13:18:00,6570
315,SA-09,2019-04-12T13:33:31,13.0,0,NORTH,38.823048,-77.00428,A8,2019-04-12T13:36:00,ANACOSTIA STATION,928463060,2019-04-12T13:18:00,6548
316,LC-81,2019-04-12T13:33:56,6.0,0,NORTH,38.92495,-76.922302,F8,2019-04-12T14:22:00,TAKOMA-LANGLEY CROSSROADS TRANSIT CENTER,942324060,2019-04-12T13:18:00,8003
317,FS-05,2019-04-12T13:33:28,2.0,0,NORTH,38.849361,-77.050774,MW1,2019-04-12T13:40:00,METROWAY - PENTAGON CITY,910068060,2019-04-12T13:18:00,2981
318,FS-07,2019-04-12T13:33:51,2.0,1,SOUTH,38.837269,-77.048965,MW1,2019-04-12T13:42:00,METROWAY - BRADDOCK ROAD STATION,909909060,2019-04-12T13:18:00,2990
319,BX-27,2019-04-12T13:33:28,3.0,1,WEST,38.899418,-76.978912,X2,2019-04-12T14:01:00,LAFAYETTE SQUARE,906670060,2019-04-12T13:18:00,5485
320,W-224,2019-04-12T13:33:37,1.0,0,NORTH,38.90134,-77.044273,33,2019-04-12T14:16:00,FRIENDSHIP HEIGHTS,943025060,2019-04-12T13:19:00,6502
321,WN-01,2019-04-12T13:33:48,5.0,0,EAST,38.938671,-77.085358,N2,2019-04-12T13:52:00,FARRAGUT SQUARE,933888060,2019-04-12T13:19:00,7103
322,MY-06,2019-04-12T13:33:38,7.0,1,SOUTH,39.148445,-77.066978,Y8,2019-04-12T14:30:00,SILVER SPRING STATION,925459060,2019-04-12T13:19:00,7072
323,FW-51,2019-04-12T13:33:31,3.0,0,NORTH,38.818478,-77.130646,25B,2019-04-12T14:22:00,BALLSTON,915457060,2019-04-12T13:20:00,3119
324,FE-14,2019-04-12T13:33:53,-1.0,0,EAST,38.89996,-77.192421,28A,2019-04-12T14:39:00,KING STREET - OLD TOWN STATION,921178060,2019-04-12T13:20:00,3179
325,A-250,2019-04-12T13:33:50,11.0,1,WEST,38.875301,-77.227089,2B,2019-04-12T14:11:00,WEST OX ROAD & ALLIANCE DRIVE,901658060,2019-04-12T13:20:00,7197
326,AM-12,2019-04-12T13:33:48,4.0,0,EAST,38.888409,-77.091599,38B,2019-04-12T13:59:00,FARRAGUT SQUARE,900033060,2019-04-12T13:20:00,7183
327,F-704,2019-04-12T13:33:32,9.0,0,NORTH,38.826092,-77.129959,7A,2019-04-12T13:50:00,PENTAGON,932418060,2019-04-12T13:20:00,2966
328,F-721,2019-04-12T13:33:50,1.0,1,SOUTH,38.837898,-77.098846,7F,2019-04-12T13:57:00,LINCOLNIA,932347060,2019-04-12T13:20:00,2673
329,BD-77,2019-04-12T13:33:37,-3.0,0,NORTH,38.905716,-76.984543,D8,2019-04-12T14:16:00,WASHINGTON HOSPITAL CENTER,920078060,2019-04-12T13:20:00,2896
330,LF-63,2019-04-12T13:33:56,3.0,1,WEST,38.964394,-76.896614,F4,2019-04-12T14:22:00,SILVER SPRING STATION,942543060,2019-04-12T13:20:00,7032
331,LK-23,2019-04-12T13:33:48,4.0,1,SOUTH,38.847332,-76.898689,K12,2019-04-12T13:55:00,BRANCH AVE STATION,920898060,2019-04-12T13:20:00,6204
332,LP-27,2019-04-12T13:33:38,1.0,0,EAST,38.82674,-76.98658,P12,2019-04-12T14:28:00,ADDISON RD STATION,918456060,2019-04-12T13:20:00,7028
333,CR-56,2019-04-12T13:33:49,3.0,1,SOUTH,38.796749,-77.076241,REX,2019-04-12T14:19:00,FORT BELVOIR,903989060,2019-04-12T13:20:00,6302
334,NS-01,2019-04-12T13:33:56,6.0,0,NORTH,38.901348,-77.027252,S2,2019-04-12T14:15:00,SILVER SPRING STATION,896713060,2019-04-12T13:20:00,6481
335,NX-02,2019-04-12T13:33:36,14.0,1,SOUTH,38.983177,-77.028656,S9,2019-04-12T14:02:00,FRANKLIN SQUARE,897980060,2019-04-12T13:20:00,6442
336,BX-80,2019-04-12T13:33:44,4.0,1,WEST,38.900257,-76.988213,X9,2019-04-12T13:50:00,METRO CENTER,897762060,2019-04-12T13:20:00,2816
337,W-235,2019-04-12T13:33:45,1.0,0,NORTH,38.907131,-77.063202,31,2019-04-12T14:06:00,FRIENDSHIP HEIGHTS,943026060,2019-04-12T13:21:00,7130
338,B-324,2019-04-12T13:33:46,4.0,0,EAST,38.900211,-77.037201,36,2019-04-12T14:15:00,NAYLOR RD STATION,940919060,2019-04-12T13:21:00,2844
339,N-505,2019-04-12T13:33:43,6.0,0,NORTH,38.903622,-77.031952,54,2019-04-12T14:08:00,TAKOMA STATION,923730060,2019-04-12T13:21:00,6485
340,B-868,2019-04-12T13:33:38,8.0,1,SOUTH,38.947254,-76.990303,80,2019-04-12T14:18:00,MCPHERSON SQUARE,938830060,2019-04-12T13:21:00,2939
341,SA-12,2019-04-12T13:33:42,4.0,1,SOUTH,38.842541,-76.994064,A6,2019-04-12T13:44:00,LIVINGSTON VIA WHEELER RD,928147060,2019-04-12T13:21:00,6405
342,MC-45,2019-04-12T13:33:56,-1.0,0,EAST,39.021366,-77.014824,C2,2019-04-12T14:24:00,GREENBELT STATION,902211060,2019-04-12T13:21:00,7240
343,WM-41,2019-04-12T13:33:34,1.0,0,NORTH,38.945728,-77.07917,M4,2019-04-12T13:34:00,TENLEYTOWN STATION,937936060,2019-04-12T13:21:00,7150
344,LT-42,2019-04-12T13:33:28,4.0,0,EAST,38.931309,-76.971367,T18,2019-04-12T14:06:00,NEW CARROLLTON STATION,939725060,2019-04-12T13:21:00,7392
345,FT-13,2019-04-12T13:33:32,-1.0,0,EAST,38.861454,-77.092163,23B,2019-04-12T14:05:00,CRYSTAL CITY,926038060,2019-04-12T13:22:00,3137
346,MC-39,2019-04-12T13:33:44,0.0,1,WEST,38.971649,-76.978859,C4,2019-04-12T14:28:00,TWINBROOK STATION,902139060,2019-04-12T13:22:00,7380
347,PV-15,2019-04-12T13:33:40,0.0,0,EAST,38.87101,-76.975708,V2,2019-04-12T14:04:00,CAPITOL HEIGHTS STATION,904506060,2019-04-12T13:22:00,7324
348,FW-55,2019-04-12T13:33:42,1.0,0,NORTH,38.843365,-77.114799,25B,2019-04-12T13:52:00,BALLSTON,915456060,2019-04-12T13:23:00,3115
349,CA-03,2019-04-12T13:33:29,3.0,0,EAST,38.865097,-77.264908,29N,2019-04-12T14:30:00,KING STREET - OLD TOWN STATION,918178060,2019-04-12T13:23:00,6333
350,LC-10,2019-04-12T13:33:44,-2.0,1,WEST,38.891762,-76.824287,C26,2019-04-12T13:42:00,LARGO TOWN CENTER STATION,911589060,2019-04-12T13:23:00,6208
351,BH-22,2019-04-12T13:33:55,2.0,1,WEST,38.928928,-77.013763,H2,2019-04-12T14:08:00,TENLEYTOWN STATION,917155060,2019-04-12T13:23:00,2825
352,BX-26,2019-04-12T13:33:40,-2.0,0,EAST,38.899818,-77.017494,X2,2019-04-12T14:09:00,MINNESOTA AVENUE STATION,906482060,2019-04-12T13:23:00,5460
353,FC-81,2019-04-12T13:33:56,5.0,1,WEST,38.86639,-77.072166,16G,2019-04-12T13:51:00,ARLINGTON MILL - PIKE RIDE,908542060,2019-04-12T13:24:00,3124
354,W-213,2019-04-12T13:33:50,-1.0,1,SOUTH,38.946632,-77.078964,31,2019-04-12T14:08:00,POTOMAC PARK,943064060,2019-04-12T13:24:00,7105
355,N-603,2019-04-12T13:33:51,7.0,0,NORTH,38.941818,-77.025497,60,2019-04-12T13:41:00,FORT TOTTEN,918963060,2019-04-12T13:24:00,7356
356,M-707,2019-04-12T13:33:48,-6.0,0,NORTH,38.911602,-77.021927,70,2019-04-12T14:23:00,SILVER SPRING STATION,898706060,2019-04-12T13:24:00,5434
357,M-705,2019-04-12T13:33:51,1.0,1,SOUTH,38.981773,-77.026581,70,2019-04-12T14:30:00,ARCHIVES,898763060,2019-04-12T13:24:00,5438
358,S-921,2019-04-12T13:33:51,10.0,1,SOUTH,38.923382,-77.047188,90,2019-04-12T14:24:00,ANACOSTIA STATION,903170060,2019-04-12T13:24:00,6391
359,B-919,2019-04-12T13:33:56,8.0,0,EAST,38.948109,-77.079849,96,2019-04-12T14:56:00,CAPITOL HEIGHTS STATION,913779060,2019-04-12T13:24:00,2886
360,B-927,2019-04-12T13:33:46,4.0,1,WEST,38.889839,-76.929909,96,2019-04-12T14:49:00,TENLEYTOWN STATION,913882060,2019-04-12T13:24:00,2953
361,LE-20,2019-04-12T13:33:56,2.0,1,WEST,38.96257,-76.857399,F13,2019-04-12T14:05:00,CHEVERLY STATION,910544060,2019-04-12T13:24:00,3039
362,SP-05,2019-04-12T13:33:41,1.0,0,NORTH,38.876469,-76.991562,P6,2019-04-12T14:29:00,RHODE ISLAND AVE STATION,926815060,2019-04-12T13:24:00,6384
363,SP-10,2019-04-12T13:33:36,5.0,1,SOUTH,38.920589,-76.998383,P6,2019-04-12T14:28:00,ANACOSTIA STATION,926726060,2019-04-12T13:24:00,6557
364,PU-72,2019-04-12T13:33:45,2.0,1,SOUTH,38.902634,-76.945038,U7,2019-04-12T13:56:00,MINNESOTA & RIDGE,904997060,2019-04-12T13:24:00,6127
365,FJ-22,2019-04-12T13:33:28,-1.0,0,NORTH,38.800171,-77.048012,10A,2019-04-12T14:14:00,PENTAGON,914338060,2019-04-12T13:25:00,2977
366,FE-15,2019-04-12T13:33:32,0.0,1,WEST,38.82679,-77.086311,28A,2019-04-12T14:42:00,TYSONS CORNER STA,921123060,2019-04-12T13:25:00,3193
367,B-320,2019-04-12T13:33:43,2.0,1,WEST,38.857281,-76.96344,36,2019-04-12T14:35:00,POTOMAC PARK,940758060,2019-04-12T13:25:00,2933
368,W-403,2019-04-12T13:33:31,-1.0,1,SOUTH,38.917591,-77.0457,42,2019-04-12T13:59:00,GALLERY PLACE,936811060,2019-04-12T13:25:00,6520
369,F-511,2019-04-12T13:33:44,7.0,1,WEST,38.884834,-77.022179,5A,2019-04-12T14:21:00,DULLES AIRPORT,901886060,2019-04-12T13:25:00,2705
370,B-751,2019-04-12T13:33:35,0.0,1,SOUTH,38.892681,-77.021896,74,2019-04-12T13:47:00,NATIONALS PARK,899597060,2019-04-12T13:25:00,3001
371,B-841,2019-04-12T13:33:51,4.0,0,NORTH,38.898933,-77.050133,80,2019-04-12T14:46:00,FORT TOTTEN,938741060,2019-04-12T13:25:00,2900
372,L-890,2019-04-12T13:33:54,0.0,1,SOUTH,39.104164,-76.843727,89M,2019-04-12T14:15:00,GREENBELT STATION,924784060,2019-04-12T13:25:00,7042
373,PC-11,2019-04-12T13:33:50,6.0,1,WEST,38.826427,-76.920395,C14,2019-04-12T13:47:00,NAYLOR RD STATION,931144060,2019-04-12T13:25:00,7306
374,BD-78,2019-04-12T13:33:45,-2.0,1,SOUTH,38.923435,-76.999588,D8,2019-04-12T14:12:00,UNION STATION,920011060,2019-04-12T13:25:00,2873
375,MJ-02,2019-04-12T13:33:50,8.0,1,WEST,38.994152,-77.030899,J2,2019-04-12T14:08:00,MONTGOMERY MALL,912610060,2019-04-12T13:25:00,8049
376,MK-21,2019-04-12T13:33:27,-2.0,1,SOUTH,39.015507,-76.977882,K6,2019-04-12T14:05:00,FORT TOTTEN,938189060,2019-04-12T13:25:00,7068
377,ML-45,2019-04-12T13:33:53,4.0,0,NORTH,38.973019,-77.077171,L8,2019-04-12T14:01:00,ASPEN HILL,916337060,2019-04-12T13:25:00,7251
378,SN-24,2019-04-12T13:33:36,9.0,0,EAST,38.815201,-77.016663,NH2,2019-04-12T13:52:00,NATIONAL HARBOR,913298060,2019-04-12T13:25:00,6406
379,LP-28,2019-04-12T13:33:39,9.0,1,WEST,38.88599,-76.895744,P12,2019-04-12T14:22:00,EASTOVER,918521060,2019-04-12T13:25:00,6047
380,LR-11,2019-04-12T13:33:55,2.0,1,SOUTH,39.000809,-76.903305,R12,2019-04-12T14:12:00,DEANWOOD STATION,917751060,2019-04-12T13:25:00,3041
381,CR-05,2019-04-12T13:33:31,1.0,0,NORTH,38.694973,-77.143929,REX,2019-04-12T14:23:00,KING STREET - OLD TOWN STATION,904034060,2019-04-12T13:25:00,6312
382,L-821,2019-04-12T13:33:47,3.0,0,EAST,38.931557,-76.970856,T14,2019-04-12T14:10:00,NEW CARROLLTON STATION,926543060,2019-04-12T13:25:00,7044
383,L-822,2019-04-12T13:33:52,5.0,1,WEST,38.957485,-76.868965,T14,2019-04-12T14:13:00,RHODE ISLAND AVE STATION,926588060,2019-04-12T13:25:00,8029
384,MT-05,2019-04-12T13:33:53,2.0,1,SOUTH,39.07692,-77.162666,T2,2019-04-12T14:10:00,FRIENDSHIP HEIGHTS,895451060,2019-04-12T13:25:00,7377
385,PV-72,2019-04-12T13:33:56,3.0,0,NORTH,38.889111,-76.93721,V8,2019-04-12T13:39:00,MINNESOTA AVENUE STATION,919499060,2019-04-12T13:25:00,6133
386,MY-24,2019-04-12T13:33:47,2.0,0,NORTH,39.001049,-77.033424,Y8,2019-04-12T14:30:00,MONTGOMERY MEDICAL CENTER VIA LEISURE WORLD,925367060,2019-04-12T13:25:00,6197
387,N-500,2019-04-12T13:33:26,5.0,1,SOUTH,38.97361,-77.020805,54,2019-04-12T14:20:00,METRO CENTER,923858060,2019-04-12T13:26:00,7218
388,S-930,2019-04-12T13:33:50,2.0,1,SOUTH,38.914799,-77.018517,92,2019-04-12T14:30:00,CONGRESS HEIGHTS STATION,903171060,2019-04-12T13:26:00,6386
389,WM-43,2019-04-12T13:32:57,-2.0,1,SOUTH,38.956116,-77.07029,M4,2019-04-12T13:51:00,SIBLEY HOSPITAL,937989060,2019-04-12T13:26:00,6495
390,CT-02,2019-04-12T13:33:35,2.0,0,LOOP,38.770771,-77.17099,S80,2019-04-12T13:34:00,FRANCONIA - SPRINGFIELD,931376060,2019-04-12T13:26:00,3083
391,PU-54,2019-04-12T13:33:40,-6.0,0,EAST,38.881237,-76.945946,U6,2019-04-12T14:00:00,MARSHALL HEIGHTS - LINCOLN HEIGHTS,905393060,2019-04-12T13:26:00,7336
392,MC-85,2019-04-12T13:33:53,2.0,0,EAST,39.048981,-77.102158,C8,2019-04-12T14:41:00,COLLEGE PARK STATION,895719060,2019-04-12T13:27:00,6036
393,S-137,2019-04-12T13:33:43,2.0,0,NORTH,38.724743,-77.004799,P18,2019-04-12T14:10:00,SOUTHERN AVE STATION,939276060,2019-04-12T13:27:00,6568
394,NS-08,2019-04-12T13:33:53,-1.0,1,SOUTH,38.980873,-77.036415,S4,2019-04-12T14:20:00,FEDERAL TRIANGLE,896812060,2019-04-12T13:27:00,7352
395,BU-44,2019-04-12T13:33:53,1.0,1,WEST,38.904003,-76.926033,U4,2019-04-12T13:41:00,RIVER TERRACE,934868060,2019-04-12T13:27:00,3028
396,SA-03,2019-04-12T13:33:34,1.0,1,SOUTH,38.862095,-76.995575,A2,2019-04-12T13:56:00,SOUTHERN AVE STATION,928223060,2019-04-12T13:28:00,6181
397,MC-40,2019-04-12T13:33:31,1.0,1,WEST,38.999435,-76.911789,C2,2019-04-12T14:24:00,WHEATON STATION,902072060,2019-04-12T13:28:00,7073
398,LE-02,2019-04-12T13:33:48,2.0,0,EAST,38.9277,-76.912926,F13,2019-04-12T14:18:00,WASHINGTON BUSINESS PARK,910511060,2019-04-12T13:28:00,7055
399,BH-70,2019-04-12T13:33:43,5.0,1,WEST,38.923557,-76.962662,H6,2019-04-12T14:01:00,BROOKLAND STATION,916723060,2019-04-12T13:28:00,2957
400,N-504,2019-04-12T13:33:33,-1.0,0,NORTH,38.880226,-77.024559,52,2019-04-12T14:20:00,14TH & COLORADO,923725060,2019-04-12T13:29:00,7223
401,WE-49,2019-04-12T13:33:27,0.0,1,WEST,38.954945,-77.008263,E4,2019-04-12T14:02:00,FRIENDSHIP HEIGHTS,934229060,2019-04-12T13:29:00,7142
402,CT-03,2019-04-12T13:32:24,2.0,0,LOOP,38.767242,-77.167007,S80,2019-04-12T13:41:00,SPRINGFIELD MALL - HILTON,931299060,2019-04-12T13:29:00,3086
403,FJ-30,2019-04-12T13:33:34,1.0,1,SOUTH,38.865234,-77.054367,10A,2019-04-12T14:17:00,HUNTINGTON STATION N,914392060,2019-04-12T13:30:00,2976
404,FJ-70,2019-04-12T13:33:30,3.0,1,SOUTH,38.882339,-77.10984,10B,2019-04-12T14:28:00,HUNTING POINT,911841060,2019-04-12T13:30:00,3161
405,FC-22,2019-04-12T13:33:42,1.0,1,WEST,38.868443,-77.05217,16A,2019-04-12T14:23:00,ANNANDALE - PIKE RIDE,907870060,2019-04-12T13:30:00,3105
406,FB-27,2019-04-12T13:33:42,3.0,0,EAST,38.882027,-77.111137,22A,2019-04-12T14:17:00,PENTAGON VIA PENTAGON CITY,922492060,2019-04-12T13:30:00,3152
407,FB-31,2019-04-12T13:33:48,0.0,1,WEST,38.866734,-77.05658,22A,2019-04-12T14:21:00,BALLSTON,922557060,2019-04-12T13:30:00,3159
408,,2019-04-12T13:33:39,3.0,1,WEST,38.883141,-77.116219,2A,2019-04-12T14:04:00,DUNN LORING STATION,901280060,2019-04-12T13:30:00,7202
409,AM-11,2019-04-12T13:33:55,3.0,1,WEST,38.90134,-77.042046,38B,2019-04-12T14:09:00,BALLSTON,899981060,2019-04-12T13:30:00,7186
410,W-407,2019-04-12T13:33:49,3.0,0,NORTH,38.896332,-77.023987,42,2019-04-12T14:07:00,MT PLEASANT VIA ADAMS MORGAN,937035060,2019-04-12T13:30:00,7117
411,N-763,2019-04-12T13:33:51,-3.0,0,NORTH,38.900269,-77.021866,79,2019-04-12T14:18:00,SILVER SPRING STATION,896333060,2019-04-12T13:30:00,6456
412,N-768,2019-04-12T13:33:42,2.0,1,SOUTH,38.993294,-77.027092,79,2019-04-12T14:18:00,ARCHIVES,896258060,2019-04-12T13:30:00,6461
413,F-783,2019-04-12T13:33:40,2.0,1,SOUTH,38.866322,-77.054367,7M,2019-04-12T13:45:00,MARK CENTER,935985060,2019-04-12T13:30:00,3181
414,B-800,2019-04-12T13:33:53,0.0,1,SOUTH,39.018322,-76.937164,83,2019-04-12T14:28:00,RHODE ISLAND AVE STATION,933415060,2019-04-12T13:30:00,2862
415,L-891,2019-04-12T13:33:26,-1.0,0,NORTH,39.011051,-76.894073,89M,2019-04-12T14:19:00,SOUTH LAUREL PARK & RIDE,924758060,2019-04-12T13:30:00,7059
416,LA-27,2019-04-12T13:33:44,2.0,1,SOUTH,38.939426,-76.907341,A12,2019-04-12T14:24:00,ADDISON RD STATION,940039060,2019-04-12T13:30:00,6172
417,LA-26,2019-04-12T13:33:56,1.0,0,NORTH,38.891617,-76.901588,A12,2019-04-12T14:22:00,CAPITAL PLAZA,940115060,2019-04-12T13:30:00,7065
418,B-990,2019-04-12T13:33:30,0.0,1,WEST,38.919876,-76.9701,B99,2019-04-12T13:34:00,SHUTTLE,922785060,2019-04-12T13:30:00,2159
419,WC-01,2019-04-12T13:33:54,3.0,0,EAST,38.922661,-77.080681,D2,2019-04-12T13:49:00,DUPONT CIRCLE,921599060,2019-04-12T13:30:00,3079
420,WE-42,2019-04-12T13:33:46,3.0,0,EAST,38.961861,-77.086128,E4,2019-04-12T14:09:00,RIGGS PARK,934287060,2019-04-12T13:30:00,7126
421,LF-60,2019-04-12T13:33:52,2.0,0,EAST,38.994457,-77.027634,F4,2019-04-12T14:29:00,NEW CARROLLTON STATION,942472060,2019-04-12T13:30:00,7054
422,BG-45,2019-04-12T13:33:43,2.0,0,EAST,38.900211,-77.035255,G8,2019-04-12T14:28:00,AVONDALE,894972060,2019-04-12T13:30:00,2959
423,BH-25,2019-04-12T13:33:31,2.0,0,EAST,38.945393,-77.07827,H4,2019-04-12T14:17:00,BROOKLAND STATION,917252060,2019-04-12T13:30:00,2921
424,MJ-18,2019-04-12T13:33:37,1.0,0,EAST,39.022385,-77.135117,J2,2019-04-12T14:13:00,SILVER SPRING STATION VIA BETHESDA,912715060,2019-04-12T13:30:00,7254
425,WL-06,2019-04-12T13:33:28,3.0,1,SOUTH,38.965221,-77.075783,L2,2019-04-12T14:12:00,FARRAGUT SQUARE,915952060,2019-04-12T13:30:00,7101
426,L-990,2019-04-12T13:32:24,1.0,0,LOOP,38.942204,-76.872299,L99,2019-04-12T13:40:00,SHUTTLE,923619060,2019-04-12T13:30:00,3040
427,FS-01,2019-04-12T13:33:52,2.0,0,NORTH,38.816917,-77.049072,MW1,2019-04-12T13:52:00,METROWAY - PENTAGON CITY,910067060,2019-04-12T13:30:00,2985
428,FS-02,2019-04-12T13:33:55,-1.0,1,SOUTH,38.857033,-77.051064,MW1,2019-04-12T13:54:00,METROWAY - BRADDOCK ROAD STATION,909908060,2019-04-12T13:30:00,2991
429,P-990,2019-04-12T13:33:38,1.0,0,EAST,38.890759,-76.938202,P99,2019-04-12T13:45:00,SHUTTLE,923555060,2019-04-12T13:30:00,6119
430,P-991,2019-04-12T13:33:45,3.0,1,WEST,38.874302,-76.931458,P99,2019-04-12T13:45:00,SHUTTLE,923523060,2019-04-12T13:30:00,7318
431,MQ-08,2019-04-12T13:33:32,2.0,1,SOUTH,39.117001,-77.164856,Q6,2019-04-12T14:18:00,WHEATON STATION,900661060,2019-04-12T13:30:00,7076
432,CT-01,2019-04-12T13:33:45,-11.0,0,LOOP,38.765972,-77.158859,S80,2019-04-12T13:44:00,METRO PARK,931235060,2019-04-12T13:30:00,3082
433,NX-10,2019-04-12T13:33:48,2.0,0,NORTH,38.90134,-77.035568,S9,2019-04-12T14:07:00,SILVER SPRING STATION,897914060,2019-04-12T13:30:00,6450
434,PV-17,2019-04-12T13:33:13,-1.0,1,WEST,38.896889,-76.917671,V2,2019-04-12T14:10:00,ANACOSTIA STATION,904337060,2019-04-12T13:30:00,6139
435,PV-70,2019-04-12T13:33:53,0.0,1,SOUTH,38.89333,-76.943993,V8,2019-04-12T13:45:00,BENNING HEIGHTS,919579060,2019-04-12T13:30:00,7319
436,SW-66,2019-04-12T13:33:45,0.0,0,CLOCKWIS,38.859722,-76.987244,W6,2019-04-12T14:07:00,GARFIELD - ANACOSTIA LOOP,910664060,2019-04-12T13:30:00,3044
437,BX-24,2019-04-12T13:33:37,4.0,1,WEST,38.897701,-76.947357,X2,2019-04-12T14:13:00,LAFAYETTE SQUARE,906669060,2019-04-12T13:30:00,5467
438,BX-83,2019-04-12T13:33:32,4.0,0,EAST,38.900551,-77.028343,X9,2019-04-12T13:59:00,MINNESOTA AVENUE STATION,897705060,2019-04-12T13:30:00,2626
439,MZ-21,2019-04-12T13:33:39,4.0,0,NORTH,38.994057,-77.03083,Z6,2019-04-12T14:24:00,BURTONSVILLE PARK & RIDE,909284060,2019-04-12T13:30:00,7085
440,MZ-13,2019-04-12T13:33:38,-1.0,1,SOUTH,39.082813,-76.939041,Z8,2019-04-12T14:19:00,SILVER SPRING STATION,909562060,2019-04-12T13:30:00,7379
441,F-784,2019-04-12T13:33:51,1.0,0,NORTH,38.833984,-77.099884,7M,2019-04-12T13:41:00,PENTAGON,935911060,2019-04-12T13:31:00,3110
442,SA-40,2019-04-12T13:33:27,0.0,1,SOUTH,38.860641,-77.002159,A4,2019-04-12T14:06:00,DC VILLAGE VIA FORT DRUM,929618060,2019-04-12T13:31:00,6144
443,FC-20,2019-04-12T13:33:49,-1.0,0,EAST,38.828533,-77.21299,16A,2019-04-12T14:20:00,PENTAGON - PIKE RIDE,907909060,2019-04-12T13:32:00,3107
444,W-308,2019-04-12T13:33:38,0.0,0,EAST,38.961391,-77.085693,30S,2019-04-12T15:07:00,SOUTHERN AVE STATION,898350060,2019-04-12T13:32:00,7127
445,N-516,2019-04-12T13:33:49,2.0,1,SOUTH,38.955589,-77.033432,52,2019-04-12T14:22:00,L'ENFANT PLAZA STATION,923878060,2019-04-12T13:32:00,7359
446,BB-06,2019-04-12T13:33:27,1.0,1,SOUTH,38.936508,-76.960228,B2,2019-04-12T14:31:00,ANACOSTIA STATION,911115060,2019-04-12T13:32:00,2821
447,FF-92,2019-04-12T13:33:24,1.0,0,EAST,38.843746,-77.0541,F99,2019-04-12T13:39:00,SHUTTLE,936524060,2019-04-12T13:32:00,3019
448,BH-62,2019-04-12T13:33:55,-1.0,0,EAST,38.937199,-76.986557,H6,2019-04-12T13:46:00,FORT LINCOLN,916784060,2019-04-12T13:32:00,3009
449,PM-72,2019-04-12T13:33:45,-2.0,1,WEST,38.869637,-76.940788,M6,2019-04-12T13:53:00,POTOMAC AVE STATION,920512060,2019-04-12T13:32:00,7333
450,BB-05,2019-04-12T13:33:29,-1.0,0,NORTH,38.862236,-76.993156,B2,2019-04-12T14:30:00,MT RAINIER,911001060,2019-04-12T13:33:00,2925
451,WC-03,2019-04-12T13:33:57,0.0,1,WEST,38.909714,-77.044548,D2,2019-04-12T13:51:00,GLOVER PARK,921653060,2019-04-12T13:33:00,3069
452,BR-06,2019-04-12T13:33:44,-1.0,0,NORTH,38.954948,-77.004601,R2,2019-04-12T14:20:00,CALVERTON,936020060,2019-04-12T13:33:00,2902
453,PU-70,2019-04-12T13:33:55,-2.0,0,NORTH,38.894192,-76.949806,U7,2019-04-12T13:58:00,DEANWOOD STATION,905062060,2019-04-12T13:33:00,7300
454,WN-10,2019-04-12T13:33:29,-2.0,1,WEST,38.903553,-77.039757,N4,2019-04-12T14:09:00,FRIENDSHIP HEIGHTS,933788060,2019-04-12T13:34:00,6506
455,MZ-18,2019-04-12T13:33:32,-1.0,1,SOUTH,39.114704,-76.930901,Z6,2019-04-12T14:34:00,SILVER SPRING STATION,909314060,2019-04-12T13:34:00,6173
456,FT-16,2019-04-12T13:33:32,-3.0,0,EAST,38.916367,-77.220558,23T,2019-04-12T14:31:00,SHIRLINGTON,926035060,2019-04-12T13:35:00,3135
457,A-325,2019-04-12T13:33:31,-2.0,0,EAST,38.923672,-77.207581,3T,2019-04-12T13:57:00,WEST FALLS CHURCH STATION,900425060,2019-04-12T13:35:00,3770
458,MC-46,2019-04-12T13:33:47,-1.0,0,EAST,39.06229,-77.120102,C4,2019-04-12T14:45:00,PRINCE GEORGES PLAZA STATION,902184060,2019-04-12T13:35:00,6378
459,BE-31,2019-04-12T13:33:40,-2.0,1,SOUTH,38.952473,-76.996681,E2,2019-04-12T13:56:00,IVY CITY,935328060,2019-04-12T13:35:00,3021
460,LH-06,2019-04-12T13:33:32,-1.0,0,NORTH,38.809193,-76.957329,H12,2019-04-12T14:03:00,NAYLOR RD STATION,933130060,2019-04-12T13:35:00,7050
461,LJ-10,2019-04-12T13:33:42,-1.0,0,EAST,38.886318,-76.895767,J12,2019-04-12T14:05:00,FORESTVILLE,932859060,2019-04-12T13:35:00,7052
462,MK-20,2019-04-12T13:33:31,-2.0,0,NORTH,38.952278,-77.003021,K6,2019-04-12T14:22:00,WHITE OAK,938105060,2019-04-12T13:35:00,6171
463,SN-23,2019-04-12T13:33:32,-1.0,1,WEST,38.782234,-77.014107,NH2,2019-04-12T14:05:00,HUNTINGTON STATION VIA KING ST-OLD TOWN STATION,913252060,2019-04-12T13:35:00,6146
464,LR-10,2019-04-12T13:33:33,-1.0,0,NORTH,38.907768,-76.935226,R12,2019-04-12T14:22:00,GREENBELT STATION,917779060,2019-04-12T13:35:00,8018
465,NS-11,2019-04-12T13:33:34,-1.0,0,NORTH,38.892654,-77.025978,S4,2019-04-12T14:25:00,SILVER SPRING STATION,896723060,2019-04-12T13:35:00,7232
466,S-990,2019-04-12T13:33:54,-1.0,1,SOUTH,38.8619,-76.995163,SH99,2019-04-12T13:50:00,SHUTTLE,922142060,2019-04-12T13:35:00,8090
467,BX-40,2019-04-12T13:33:33,-1.0,0,EAST,38.900211,-77.035805,X2,2019-04-12T14:21:00,MINNESOTA AVENUE STATION,906509060,2019-04-12T13:35:00,5479
468,N-608,2019-04-12T13:33:51,6.0,0,NORTH,38.89352,-77.025925,64,2019-04-12T14:17:00,FORT TOTTEN,918934060,2019-04-12T13:36:00,7209
469,M-701,2019-04-12T13:33:31,-3.0,1,SOUTH,38.993412,-77.030113,70,2019-04-12T14:42:00,ARCHIVES,898764060,2019-04-12T13:36:00,5446
470,WE-01,2019-04-12T13:33:30,-3.0,0,EAST,38.961979,-77.085274,E6,2019-04-12T14:00:00,KNOLLWOOD,932841060,2019-04-12T13:36:00,3078
